676311.6744,5706295.573,100,1770,0
676311.6744,5706276.573,100,1770,0
676311.6744,5706257.573,100,1770,0
676311.6744,5706238.573,100,1770,0
676311.6744,5706219.573,100,1770,0
676311.6744,5706200.573,100,1770,0
676311.6744,5706181.573,100,1770,0
676311.6744,5706162.573,100,1770,0
676311.6744,5706143.573,100,1770,0
676311.6744,5706124.573,100,1770,0
676311.6744,5706105.573,100,1770,0
676311.6744,5706086.573,100,1770,0
676311.6744,5706067.573,100,1770,0
676311.6744,5706048.573,100,1770,0
676311.6744,5706029.573,100,1770,0
676311.6744,5706010.573,100,1770,0
676311.6744,5705991.573,100,1770,0
676311.6744,5705972.573,100,1770,0
676311.6744,5705953.573,100,1770,0
676311.6744,5705934.573,100,1770,0
676292.9866,5705935.831,100.7217213,1770,0
676274.2988,5705937.089,101.4434426,1770,0
676255.611,5705938.347,102.1651639,1770,0
676236.9232,5705939.605,102.8868852,1770,0
676218.2354,5705940.863,103.6086065,1770,0
676199.5476,5705942.121,104.3303278,1770,0
676180.8598,5705943.379,105.0520491,1770,0
676162.172,5705944.637,105.7737705,1770,0
676143.4842,5705945.895,106.4954918,1770,0
676124.7964,5705947.153,107.2172131,1770,0
676106.1086,5705948.411,107.9389344,1770,0
676087.4208,5705949.669,108.6606557,1770,0
676068.733,5705950.927,109.382377,1770,0
676050.0452,5705952.185,110.1040983,1770,0
676031.3574,5705953.443,110.8258196,1770,0
676012.6696,5705954.701,111.5475409,1770,0
675993.9818,5705955.959,112.2692622,1770,0
675975.294,5705957.217,112.9909835,1770,0
675956.6062,5705958.475,113.7127048,1770,0
675937.9184,5705959.733,114.4344261,1770,0
675919.2306,5705960.991,115.1561474,1770,0
675900.5428,5705962.249,115.8778688,1770,0
675881.855,5705963.507,116.5995901,1770,0
675863.1672,5705964.765,117.3213114,1770,0
675844.4794,5705966.023,118.0430327,1770,0
675825.7916,5705967.281,118.764754,1770,1
675807.1038,5705968.539,119.4864753,1770,0
675788.416,5705969.797,120.2081966,1770,0
675769.7282,5705971.055,120.9299179,1770,0
675751.0404,5705972.313,121.6516392,1770,0
675732.3526,5705973.571,122.3733605,1770,0
675713.6648,5705974.829,123.0950818,1770,0
675694.977,5705976.087,123.8168031,1770,0
675676.2892,5705977.345,124.5385244,1770,0
675657.6014,5705978.603,125.2602457,1770,0
675638.9136,5705979.861,125.9819671,1770,0
675620.2258,5705981.119,126.7036884,1770,0
675601.538,5705982.377,127.4254097,1770,0
675582.8502,5705983.635,128.147131,1770,0
675564.1624,5705984.893,128.8688523,1770,0
675545.4746,5705986.151,129.5905736,1770,0
675526.7868,5705987.409,130.3122949,1770,0
675508.099,5705988.667,131.0340162,1770,0
675489.4112,5705989.925,131.7557375,1770,0
675470.7234,5705991.183,132.4774588,1770,0
675452.0356,5705992.441,133.1991801,1770,0
675433.3478,5705993.699,133.9209014,1770,0
675414.66,5705994.957,134.6426227,1770,0
675395.9722,5705996.215,135.364344,1770,0
675377.2844,5705997.473,136.0860654,1770,0
675358.5966,5705998.731,136.8077867,1770,0
675339.9088,5705999.989,137.529508,1770,0
675321.221,5706001.247,138.2512293,1770,0
675302.5332,5706002.505,138.9729506,1770,0
675283.8454,5706003.763,139.6946719,1770,0
675265.1576,5706005.021,140.4163932,1770,0
675246.4698,5706006.279,141.1381145,1770,0
675227.782,5706007.537,141.8598358,1770,0
675209.0942,5706008.795,142.5815571,1770,0
675190.4064,5706010.053,143.3032784,1770,0
675171.7186,5706011.311,144.0249997,1770,0
675153.0308,5706012.569,144.746721,1770,0
675134.343,5706013.827,145.4684423,1770,0
675115.6552,5706015.085,146.1901637,1770,0
675096.9674,5706016.343,146.911885,1770,0
675078.2796,5706017.601,147.6336063,1770,0
675059.5918,5706018.859,148.3553276,1770,0
675040.904,5706020.117,149.0770489,1770,0
675022.2162,5706021.375,149.7987702,1770,0
675003.5284,5706022.633,150.5204915,1770,0
674984.8406,5706023.891,151.2422128,1770,0
674966.1528,5706025.149,151.9639341,1770,0
674947.465,5706026.407,152.6856554,1770,0
674928.7772,5706027.665,153.4073767,1770,0
674910.0894,5706028.923,154.129098,1770,0
674891.4016,5706030.181,154.8508193,1770,0
674872.7138,5706031.439,155.5725406,1770,0
674854.026,5706032.697,156.2942619,1770,0
674835.3381,5706033.955,157.0159833,1770,0
674816.6503,5706035.213,157.7377046,1770,0
674797.9625,5706036.471,158.4594259,1770,0
674779.2747,5706037.729,159.1811472,1770,0
674760.5869,5706038.987,159.9028685,1770,0
674741.8991,5706040.245,160.6245898,1770,0
674723.2113,5706041.503,161.3463111,1770,0
674704.5235,5706042.761,162.0680324,1770,0
674685.8357,5706044.019,162.7897537,1770,0
674667.1479,5706045.277,163.511475,1770,0
674648.4601,5706046.535,164.2331963,1770,0
674629.7723,5706047.793,164.9549176,1770,0
674611.0845,5706049.051,165.6766389,1770,0
674592.3967,5706050.309,166.3983602,1770,0
674573.7089,5706051.567,167.1200816,1770,0
674555.0211,5706052.825,167.8418029,1770,0
674536.3333,5706054.083,168.5635242,1770,0
674517.6455,5706055.341,169.2852455,1770,0
674498.9577,5706056.599,170.0069668,1770,0
674480.2699,5706057.857,170.7286881,1770,0
674461.5821,5706059.115,171.4504094,1770,0
674442.8943,5706060.373,172.1721307,1770,0
674424.2065,5706061.631,172.893852,1770,0
674405.5187,5706062.889,173.6155733,1770,0
674386.8309,5706064.147,174.3372946,1770,0
674368.1431,5706065.405,175.0590159,1770,0
674349.4553,5706066.663,175.7807372,1770,0
674330.7675,5706067.921,176.5024585,1770,0
674312.0797,5706069.179,177.2241799,1770,0
674293.3919,5706070.437,177.9459012,1770,0
674274.7041,5706071.695,178.6676225,1770,0
674256.0163,5706072.953,179.3893438,1770,0
674237.3285,5706074.211,180.1110651,1770,0
674218.6407,5706075.469,180.8327864,1770,0
674199.9529,5706076.727,181.5545077,1770,0
674181.2651,5706077.985,182.276229,1770,0
674162.5773,5706079.243,182.9979503,1770,0
674143.8895,5706080.501,183.7196716,1770,0
674125.2017,5706081.759,184.4413929,1770,0
674106.5139,5706083.017,185.1631142,1770,0
674087.8261,5706084.275,185.8848355,1770,0
674069.1383,5706085.533,186.6065568,1770,0
674050.4505,5706086.791,187.3282782,1770,0
674031.7627,5706088.049,188.0499995,1770,0
674013.0749,5706089.307,188.7717208,1770,0
673994.3871,5706090.565,189.4934421,1770,0
673975.6993,5706091.823,190.2151634,1770,0
673957.0115,5706093.081,190.9368847,1770,0
673938.3237,5706094.339,191.658606,1770,0
673919.6359,5706095.597,192.3803273,1770,0
673900.9481,5706096.855,193.1020486,1770,0

676311.6744,5706295.573,100,7407,0
676311.6744,5706276.573,100,7407,0
676311.6744,5706257.573,100,7407,0
676311.6744,5706238.573,100,7407,0
676311.6744,5706219.573,100,7407,0
676311.6744,5706200.573,100,7407,0
676311.6744,5706181.573,100,7407,0
676311.6744,5706162.573,100,7407,0
676311.6744,5706143.573,100,7407,0
676311.6744,5706124.573,100,7407,0
676311.6744,5706105.573,100,7407,0
676311.6744,5706086.573,100,7407,0
676311.6744,5706067.573,100,7407,0
676311.6744,5706048.573,100,7407,0
676311.6744,5706029.573,100,7407,0
676311.6744,5706010.573,100,7407,0
676311.6744,5705991.573,100,7407,0
676311.6744,5705972.573,100,7407,0
676311.6744,5705953.573,100,7407,0
676311.6744,5705934.573,100,7407,0
676293.0053,5705935.855,100.7665432,7407,0
676274.3362,5705937.137,101.5330863,7407,0
676255.6671,5705938.419,102.2996295,7407,0
676236.998,5705939.7,103.0661726,7407,0
676218.3289,5705940.982,103.8327158,7407,0
676199.6598,5705942.264,104.599259,7407,0
676180.9907,5705943.546,105.3658021,7407,0
676162.3215,5705944.827,106.1323453,7407,0
676143.6524,5705946.109,106.8988884,7407,0
676124.9833,5705947.391,107.6654316,7407,0
676106.3142,5705948.673,108.4319748,7407,0
676087.6451,5705949.954,109.1985179,7407,0
676068.976,5705951.236,109.9650611,7407,0
676050.3069,5705952.518,110.7316043,7407,0
676031.6377,5705953.8,111.4981474,7407,0
676012.9686,5705955.082,112.2646906,7407,0
675994.2995,5705956.363,113.0312337,7407,0
675975.6304,5705957.645,113.7977769,7407,0
675956.9613,5705958.927,114.5643201,7407,0
675938.2922,5705960.209,115.3308632,7407,0
675919.6231,5705961.49,116.0974064,7407,0
675900.954,5705962.772,116.8639495,7407,0
675882.2848,5705964.054,117.6304927,7407,0
675863.6157,5705965.336,118.3970359,7407,0
675844.9466,5705966.618,119.163579,7407,0
675826.2775,5705967.899,119.9301222,7407,1
675807.6084,5705969.181,120.6966653,7407,0
675788.9393,5705970.463,121.4632085,7407,0
675770.2702,5705971.745,122.2297517,7407,0
675751.601,5705973.026,122.9962948,7407,0
675732.9319,5705974.308,123.762838,7407,0
675714.2628,5705975.59,124.5293811,7407,0
675695.5937,5705976.872,125.2959243,7407,0
675676.9246,5705978.153,126.0624675,7407,0
675658.2555,5705979.435,126.8290106,7407,0
675639.5864,5705980.717,127.5955538,7407,0
675620.9173,5705981.999,128.362097,7407,0
675602.2481,5705983.281,129.1286401,7407,0
675583.579,5705984.562,129.8951833,7407,0
675564.9099,5705985.844,130.6617264,7407,0
675546.2408,5705987.126,131.4282696,7407,0
675527.5717,5705988.408,132.1948128,7407,0
675508.9026,5705989.689,132.9613559,7407,0
675490.2335,5705990.971,133.7278991,7407,0
675471.5643,5705992.253,134.4944422,7407,0
675452.8952,5705993.535,135.2609854,7407,0
675434.2261,5705994.817,136.0275286,7407,0
675415.557,5705996.098,136.7940717,7407,0
675396.8879,5705997.38,137.5606149,7407,0
675378.2188,5705998.662,138.327158,7407,0
675359.5497,5705999.944,139.0937012,7407,0
675340.8805,5706001.225,139.8602444,7407,0
675322.2114,5706002.507,140.6267875,7407,0
675303.5423,5706003.789,141.3933307,7407,0
675284.8732,5706005.071,142.1598738,7407,0
675266.2041,5706006.352,142.926417,7407,0
675247.535,5706007.634,143.6929602,7407,0
675228.8659,5706008.916,144.4595033,7407,0
675210.1968,5706010.198,145.2260465,7407,0
675191.5276,5706011.48,145.9925897,7407,0
675172.8585,5706012.761,146.7591328,7407,0
675154.1894,5706014.043,147.525676,7407,0
675135.5203,5706015.325,148.2922191,7407,0
675116.8512,5706016.607,149.0587623,7407,0
675098.1821,5706017.888,149.8253055,7407,0
675079.513,5706019.17,150.5918486,7407,0
675060.8438,5706020.452,151.3583918,7407,0
675042.1747,5706021.734,152.1249349,7407,0
675023.5056,5706023.016,152.8914781,7407,0
675004.8365,5706024.297,153.6580213,7407,0
674986.1674,5706025.579,154.4245644,7407,0
674967.4983,5706026.861,155.1911076,7407,0
674948.8292,5706028.143,155.9576507,7407,0
674930.1601,5706029.424,156.7241939,7407,0
674911.4909,5706030.706,157.4907371,7407,0
674892.8218,5706031.988,158.2572802,7407,0
674874.1527,5706033.27,159.0238234,7407,0
674855.4836,5706034.551,159.7903665,7407,0
674836.8145,5706035.833,160.5569097,7407,0
674818.1454,5706037.115,161.3234529,7407,0
674799.4763,5706038.397,162.089996,7407,0
674780.8071,5706039.679,162.8565392,7407,0
674762.138,5706040.96,163.6230824,7407,0
674743.4689,5706042.242,164.3896255,7407,0
674724.7998,5706043.524,165.1561687,7407,0
674706.1307,5706044.806,165.9227118,7407,0
674687.4616,5706046.087,166.689255,7407,0
674668.7925,5706047.369,167.4557982,7407,0
674650.1234,5706048.651,168.2223413,7407,0
674631.4542,5706049.933,168.9888845,7407,0
674612.7851,5706051.215,169.7554276,7407,0
674594.116,5706052.496,170.5219708,7407,0
674575.4469,5706053.778,171.288514,7407,0
674556.7778,5706055.06,172.0550571,7407,0
674538.1087,5706056.342,172.8216003,7407,0
674519.4396,5706057.623,173.5881434,7407,0
674500.7704,5706058.905,174.3546866,7407,0
674482.1013,5706060.187,175.1212298,7407,0
674463.4322,5706061.469,175.8877729,7407,0
674444.7631,5706062.75,176.6543161,7407,0
674426.094,5706064.032,177.4208592,7407,0
674407.4249,5706065.314,178.1874024,7407,0
674388.7558,5706066.596,178.9539456,7407,0
674370.0866,5706067.878,179.7204887,7407,0
674351.4175,5706069.159,180.4870319,7407,0
674332.7484,5706070.441,181.2535751,7407,0
674314.0793,5706071.723,182.0201182,7407,0
674295.4102,5706073.005,182.7866614,7407,0
674276.7411,5706074.286,183.5532045,7407,0
674258.072,5706075.568,184.3197477,7407,0
674239.4029,5706076.85,185.0862909,7407,0
674220.7337,5706078.132,185.852834,7407,0
674202.0646,5706079.414,186.6193772,7407,0
674183.3955,5706080.695,187.3859203,7407,0
674164.7264,5706081.977,188.1524635,7407,0
674146.0573,5706083.259,188.9190067,7407,0
674127.3882,5706084.541,189.6855498,7407,0
674108.7191,5706085.822,190.452093,7407,0
674090.0499,5706087.104,191.2186361,7407,0
674071.3808,5706088.386,191.9851793,7407,0
674052.7117,5706089.668,192.7517225,7407,0
674034.0426,5706090.949,193.5182656,7407,0
674015.3735,5706092.231,194.2848088,7407,0
673996.7044,5706093.513,195.0513519,7407,0
673978.0353,5706094.795,195.8178951,7407,0
673959.3662,5706096.077,196.5844383,7407,0
673940.697,5706097.358,197.3509814,7407,0
673922.0279,5706098.64,198.1175246,7407,0
673903.3588,5706099.922,198.8840678,7407,0

676375.3303,5706295.766,100,3627,0
676374.1252,5706276.804,100,3627,0
676372.9202,5706257.843,100,3627,0
676371.7151,5706238.881,100,3627,0
676370.51,5706219.919,100,3627,0
676369.305,5706200.957,100,3627,0
676368.0999,5706181.996,100,3627,0
676366.8949,5706163.034,100,3627,0
676365.6898,5706144.072,100,3627,0
676364.4848,5706125.11,100,3627,0
676363.2797,5706106.149,100,3627,0
676362.0747,5706087.187,100,3627,0
676360.8696,5706068.225,100,3627,0
676359.6646,5706049.263,100,3627,0
676358.4595,5706030.302,100,3627,0
676357.2544,5706011.34,100,3627,0
676356.0494,5705992.378,100,3627,0
676354.8443,5705973.416,100,3627,0
676336.0708,5705973.358,100.6066742,3627,0
676317.2972,5705973.299,101.2133484,3627,0
676298.5236,5705973.24,101.8200226,3627,0
676279.7501,5705973.181,102.4266969,3627,0
676260.9765,5705973.122,103.0333711,3627,0
676242.2029,5705973.063,103.6400453,3627,0
676223.4293,5705973.004,104.2467195,3627,0
676204.6558,5705972.945,104.8533937,3627,0
676185.8822,5705972.886,105.4600679,3627,0
676167.1086,5705972.827,106.0667421,3627,0
676148.3351,5705972.768,106.6734163,3627,0
676129.5615,5705972.709,107.2800906,3627,0
676110.7879,5705972.65,107.8867648,3627,0
676092.0143,5705972.592,108.493439,3627,0
676073.2408,5705972.533,109.1001132,3627,0
676054.4672,5705972.474,109.7067874,3627,0
676035.6936,5705972.415,110.3134616,3627,0
676016.9201,5705972.356,110.9201358,3627,0
675998.1465,5705972.297,111.5268101,3627,0
675979.3729,5705972.238,112.1334843,3627,0
675960.5993,5705972.179,112.7401585,3627,0
675941.8258,5705972.12,113.3468327,3627,0
675923.0522,5705972.061,113.9535069,3627,0
675904.2786,5705972.002,114.5601811,3627,0
675885.5051,5705971.943,115.1668553,3627,0
675866.7315,5705971.884,115.7735295,3627,0
675847.9579,5705971.826,116.3802038,3627,0
675829.1844,5705971.767,116.986878,3627,1
675810.4108,5705971.708,117.5935522,3627,0
675791.6372,5705971.649,118.2002264,3627,0
675772.8636,5705971.59,118.8069006,3627,0
675754.0901,5705971.531,119.4135748,3627,0
675735.3165,5705971.472,120.020249,3627,0
675716.5429,5705971.413,120.6269233,3627,0
675697.7694,5705971.354,121.2335975,3627,0
675678.9958,5705971.295,121.8402717,3627,0
675660.2222,5705971.236,122.4469459,3627,0
675641.4486,5705971.177,123.0536201,3627,0
675622.6751,5705971.119,123.6602943,3627,0
675603.9015,5705971.06,124.2669685,3627,0
675585.1279,5705971.001,124.8736428,3627,0
675566.3544,5705970.942,125.480317,3627,0
675547.5808,5705970.883,126.0869912,3627,0
675528.8072,5705970.824,126.6936654,3627,0
675510.0336,5705970.765,127.3003396,3627,0
675491.2601,5705970.706,127.9070138,3627,0
675472.4865,5705970.647,128.513688,3627,0
675453.7129,5705970.588,129.1203622,3627,0
675434.9394,5705970.529,129.7270365,3627,0
675416.1658,5705970.47,130.3337107,3627,0
675397.3922,5705970.411,130.9403849,3627,0
675378.6186,5705970.353,131.5470591,3627,0
675359.8451,5705970.294,132.1537333,3627,0
675341.0715,5705970.235,132.7604075,3627,0
675322.2979,5705970.176,133.3670817,3627,0
675303.5244,5705970.117,133.973756,3627,0
675284.7508,5705970.058,134.5804302,3627,0
675265.9772,5705969.999,135.1871044,3627,0
675247.2037,5705969.94,135.7937786,3627,0
675228.4301,5705969.881,136.4004528,3627,0
675209.6565,5705969.822,137.007127,3627,0
675190.8829,5705969.763,137.6138012,3627,0
675172.1094,5705969.704,138.2204754,3627,0
675153.3358,5705969.645,138.8271497,3627,0
675134.5622,5705969.587,139.4338239,3627,0
675115.7887,5705969.528,140.0404981,3627,0
675097.0151,5705969.469,140.6471723,3627,0
675078.2415,5705969.41,141.2538465,3627,0
675059.4679,5705969.351,141.8605207,3627,0
675040.6944,5705969.292,142.4671949,3627,0
675021.9208,5705969.233,143.0738692,3627,0
675003.1472,5705969.174,143.6805434,3627,0
674984.3737,5705969.115,144.2872176,3627,0
674965.6001,5705969.056,144.8938918,3627,0
674946.8265,5705968.997,145.500566,3627,0
674928.0529,5705968.938,146.1072402,3627,0
674909.2794,5705968.88,146.7139144,3627,0
674890.5058,5705968.821,147.3205886,3627,0
674871.7322,5705968.762,147.9272629,3627,0
674852.9587,5705968.703,148.5339371,3627,0
674834.1851,5705968.644,149.1406113,3627,0
674815.4115,5705968.585,149.7472855,3627,0
674796.638,5705968.526,150.3539597,3627,0
674777.8644,5705968.467,150.9606339,3627,0
674759.0908,5705968.408,151.5673081,3627,0
674740.3172,5705968.349,152.1739824,3627,0
674721.5437,5705968.29,152.7806566,3627,0
674702.7701,5705968.231,153.3873308,3627,0
674683.9965,5705968.172,153.994005,3627,0
674665.223,5705968.114,154.6006792,3627,0
674646.4494,5705968.055,155.2073534,3627,0
674627.6758,5705967.996,155.8140276,3627,0
674608.9022,5705967.937,156.4207019,3627,0
674590.1287,5705967.878,157.0273761,3627,0
674571.3551,5705967.819,157.6340503,3627,0
674552.5815,5705967.76,158.2407245,3627,0
674533.808,5705967.701,158.8473987,3627,0
674515.0344,5705967.642,159.4540729,3627,0
674496.2608,5705967.583,160.0607471,3627,0
674477.4872,5705967.524,160.6674213,3627,0
674458.7137,5705967.465,161.2740956,3627,0
674439.9401,5705967.406,161.8807698,3627,0
674421.1665,5705967.348,162.487444,3627,0
674402.393,5705967.289,163.0941182,3627,0
674383.6194,5705967.23,163.7007924,3627,0
674364.8458,5705967.171,164.3074666,3627,0
674346.0723,5705967.112,164.9141408,3627,0
674327.2987,5705967.053,165.5208151,3627,0
674308.5251,5705966.994,166.1274893,3627,0
674289.7515,5705966.935,166.7341635,3627,0
674270.978,5705966.876,167.3408377,3627,0
674252.2044,5705966.817,167.9475119,3627,0
674233.4308,5705966.758,168.5541861,3627,0
674214.6573,5705966.699,169.1608603,3627,0
674195.8837,5705966.641,169.7675345,3627,0
674177.1101,5705966.582,170.3742088,3627,0
674158.3365,5705966.523,170.980883,3627,0
674139.563,5705966.464,171.5875572,3627,0
674120.7894,5705966.405,172.1942314,3627,0
674102.0158,5705966.346,172.8009056,3627,0
674083.2423,5705966.287,173.4075798,3627,0
674064.4687,5705966.228,174.014254,3627,0
674045.6951,5705966.169,174.6209283,3627,0
674026.9215,5705966.11,175.2276025,3627,0
674008.148,5705966.051,175.8342767,3627,0
673989.3744,5705965.992,176.4409509,3627,0
673970.6008,5705965.933,177.0476251,3627,0
673951.8273,5705965.875,177.6542993,3627,0
673933.0537,5705965.816,178.2609735,3627,0
673914.2801,5705965.757,178.8676477,3627,0
673895.5066,5705965.698,179.474322,3627,0

676375.3303,5706295.766,100,9976,0
676374.1252,5706276.804,100,9976,0
676372.9202,5706257.843,100,9976,0
676371.7151,5706238.881,100,9976,0
676370.51,5706219.919,100,9976,0
676369.305,5706200.957,100,9976,0
676368.0999,5706181.996,100,9976,0
676366.8949,5706163.034,100,9976,0
676365.6898,5706144.072,100,9976,0
676364.4848,5706125.11,100,9976,0
676363.2797,5706106.149,100,9976,0
676362.0747,5706087.187,100,9976,0
676360.8696,5706068.225,100,9976,0
676359.6646,5706049.263,100,9976,0
676358.4595,5706030.302,100,9976,0
676357.2544,5706011.34,100,9976,0
676356.0494,5705992.378,100,9976,0
676354.8443,5705973.416,100,9976,0
676336.0644,5705973.31,100.5893745,9976,0
676317.2846,5705973.203,101.1787491,9976,0
676298.5047,5705973.096,101.7681236,9976,0
676279.7248,5705972.989,102.3574982,9976,0
676260.9449,5705972.882,102.9468727,9976,0
676242.165,5705972.775,103.5362473,9976,0
676223.3851,5705972.668,104.1256218,9976,0
676204.6052,5705972.561,104.7149963,9976,0
676185.8253,5705972.454,105.3043709,9976,0
676167.0454,5705972.347,105.8937454,9976,0
676148.2655,5705972.24,106.48312,9976,0
676129.4856,5705972.133,107.0724945,9976,0
676110.7057,5705972.026,107.6618691,9976,0
676091.9259,5705971.92,108.2512436,9976,0
676073.146,5705971.813,108.8406181,9976,0
676054.3661,5705971.706,109.4299927,9976,0
676035.5862,5705971.599,110.0193672,9976,0
676016.8063,5705971.492,110.6087418,9976,0
675998.0264,5705971.385,111.1981163,9976,0
675979.2465,5705971.278,111.7874909,9976,0
675960.4666,5705971.171,112.3768654,9976,0
675941.6867,5705971.064,112.9662399,9976,0
675922.9068,5705970.957,113.5556145,9976,0
675904.1269,5705970.85,114.144989,9976,0
675885.347,5705970.743,114.7343636,9976,0
675866.5671,5705970.636,115.3237381,9976,0
675847.7873,5705970.53,115.9131127,9976,0
675829.0074,5705970.423,116.5024872,9976,1
675810.2275,5705970.316,117.0918617,9976,0
675791.4476,5705970.209,117.6812363,9976,0
675772.6677,5705970.102,118.2706108,9976,0
675753.8878,5705969.995,118.8599854,9976,0
675735.1079,5705969.888,119.4493599,9976,0
675716.328,5705969.781,120.0387345,9976,0
675697.5481,5705969.674,120.628109,9976,0
675678.7682,5705969.567,121.2174835,9976,0
675659.9883,5705969.46,121.8068581,9976,0
675641.2084,5705969.353,122.3962326,9976,0
675622.4286,5705969.247,122.9856072,9976,0
675603.6487,5705969.14,123.5749817,9976,0
675584.8688,5705969.033,124.1643563,9976,0
675566.0889,5705968.926,124.7537308,9976,0
675547.309,5705968.819,125.3431053,9976,0
675528.5291,5705968.712,125.9324799,9976,0
675509.7492,5705968.605,126.5218544,9976,0
675490.9693,5705968.498,127.111229,9976,0
675472.1894,5705968.391,127.7006035,9976,0
675453.4095,5705968.284,128.2899781,9976,0
675434.6296,5705968.177,128.8793526,9976,0
675415.8497,5705968.07,129.4687271,9976,0
675397.0699,5705967.963,130.0581017,9976,0
675378.29,5705967.857,130.6474762,9976,0
675359.5101,5705967.75,131.2368508,9976,0
675340.7302,5705967.643,131.8262253,9976,0
675321.9503,5705967.536,132.4155999,9976,0
675303.1704,5705967.429,133.0049744,9976,0
675284.3905,5705967.322,133.5943489,9976,0
675265.6106,5705967.215,134.1837235,9976,0
675246.8307,5705967.108,134.773098,9976,0
675228.0508,5705967.001,135.3624726,9976,0
675209.2709,5705966.894,135.9518471,9976,0
675190.491,5705966.787,136.5412217,9976,0
675171.7112,5705966.68,137.1305962,9976,0
675152.9313,5705966.573,137.7199707,9976,0
675134.1514,5705966.467,138.3093453,9976,0
675115.3715,5705966.36,138.8987198,9976,0
675096.5916,5705966.253,139.4880944,9976,0
675077.8117,5705966.146,140.0774689,9976,0
675059.0318,5705966.039,140.6668435,9976,0
675040.2519,5705965.932,141.256218,9976,0
675021.472,5705965.825,141.8455925,9976,0
675002.6921,5705965.718,142.4349671,9976,0
674983.9122,5705965.611,143.0243416,9976,0
674965.1323,5705965.504,143.6137162,9976,0
674946.3525,5705965.397,144.2030907,9976,0
674927.5726,5705965.29,144.7924653,9976,0
674908.7927,5705965.183,145.3818398,9976,0
674890.0128,5705965.077,145.9712143,9976,0
674871.2329,5705964.97,146.5605889,9976,0
674852.453,5705964.863,147.1499634,9976,0
674833.6731,5705964.756,147.739338,9976,0
674814.8932,5705964.649,148.3287125,9976,0
674796.1133,5705964.542,148.918087,9976,0
674777.3334,5705964.435,149.5074616,9976,0
674758.5535,5705964.328,150.0968361,9976,0
674739.7736,5705964.221,150.6862107,9976,0
674720.9938,5705964.114,151.2755852,9976,0
674702.2139,5705964.007,151.8649598,9976,0
674683.434,5705963.9,152.4543343,9976,0
674664.6541,5705963.794,153.0437088,9976,0
674645.8742,5705963.687,153.6330834,9976,0
674627.0943,5705963.58,154.2224579,9976,0
674608.3144,5705963.473,154.8118325,9976,0
674589.5345,5705963.366,155.401207,9976,0
674570.7546,5705963.259,155.9905816,9976,0
674551.9747,5705963.152,156.5799561,9976,0
674533.1948,5705963.045,157.1693306,9976,0
674514.4149,5705962.938,157.7587052,9976,0
674495.6351,5705962.831,158.3480797,9976,0
674476.8552,5705962.724,158.9374543,9976,0
674458.0753,5705962.617,159.5268288,9976,0
674439.2954,5705962.51,160.1162034,9976,0
674420.5155,5705962.404,160.7055779,9976,0
674401.7356,5705962.297,161.2949524,9976,0
674382.9557,5705962.19,161.884327,9976,0
674364.1758,5705962.083,162.4737015,9976,0
674345.3959,5705961.976,163.0630761,9976,0
674326.616,5705961.869,163.6524506,9976,0
674307.8361,5705961.762,164.2418252,9976,0
674289.0562,5705961.655,164.8311997,9976,0
674270.2764,5705961.548,165.4205742,9976,0
674251.4965,5705961.441,166.0099488,9976,0
674232.7166,5705961.334,166.5993233,9976,0
674213.9367,5705961.227,167.1886979,9976,0
674195.1568,5705961.12,167.7780724,9976,0
674176.3769,5705961.014,168.367447,9976,0
674157.597,5705960.907,168.9568215,9976,0
674138.8171,5705960.8,169.546196,9976,0
674120.0372,5705960.693,170.1355706,9976,0
674101.2573,5705960.586,170.7249451,9976,0
674082.4774,5705960.479,171.3143197,9976,0
674063.6975,5705960.372,171.9036942,9976,0
674044.9177,5705960.265,172.4930688,9976,0
674026.1378,5705960.158,173.0824433,9976,0
674007.3579,5705960.051,173.6718178,9976,0
673988.578,5705959.944,174.2611924,9976,0
673969.7981,5705959.837,174.8505669,9976,0
673951.0182,5705959.73,175.4399415,9976,0
673932.2383,5705959.624,176.029316,9976,0
673913.4584,5705959.517,176.6186906,9976,0
673894.6785,5705959.41,177.2080651,9976,0

676438.8695,5706291.932,100,7598,0
676436.4642,5706273.085,100,7598,0
676434.059,5706254.238,100,7598,0
676431.6537,5706235.39,100,7598,0
676429.2484,5706216.543,100,7598,0
676426.8432,5706197.696,100,7598,0
676424.4379,5706178.849,100,7598,0
676422.0327,5706160.002,100,7598,0
676419.6274,5706141.155,100,7598,0
676417.2222,5706122.308,100,7598,0
676414.8169,5706103.46,100,7598,0
676412.4116,5706084.613,100,7598,0
676410.0064,5706065.766,100,7598,0
676407.6011,5706046.919,100,7598,0
676405.1959,5706028.072,100,7598,0
676402.7906,5706009.225,100,7598,0
676400.3854,5705990.378,100,7598,0
676397.9801,5705971.531,100,7598,0
676395.5748,5705952.683,100,7598,0
676376.6715,5705953.606,100.2003156,7598,0
676357.7681,5705954.529,100.4006313,7598,0
676338.8648,5705955.452,100.6009469,7598,0
676319.9614,5705956.375,100.8012626,7598,0
676301.058,5705957.298,101.0015782,7598,0
676282.1547,5705958.221,101.2018939,7598,0
676263.2513,5705959.144,101.4022095,7598,0
676244.3479,5705960.067,101.6025251,7598,0
676225.4446,5705960.99,101.8028408,7598,0
676206.5412,5705961.913,102.0031564,7598,0
676187.6379,5705962.835,102.2034721,7598,0
676168.7345,5705963.758,102.4037877,7598,0
676149.8311,5705964.681,102.6041033,7598,0
676130.9278,5705965.604,102.804419,7598,0
676112.0244,5705966.527,103.0047346,7598,0
676093.121,5705967.45,103.2050503,7598,0
676074.2177,5705968.373,103.4053659,7598,0
676055.3143,5705969.296,103.6056816,7598,0
676036.411,5705970.219,103.8059972,7598,0
676017.5076,5705971.142,104.0063128,7598,0
675998.6042,5705972.065,104.2066285,7598,0
675979.7009,5705972.988,104.4069441,7598,0
675960.7975,5705973.91,104.6072598,7598,0
675941.8941,5705974.833,104.8075754,7598,0
675922.9908,5705975.756,105.007891,7598,0
675904.0874,5705976.679,105.2082067,7598,1
675885.1841,5705977.602,105.4085223,7598,0
675866.2807,5705978.525,105.608838,7598,0
675847.3773,5705979.448,105.8091536,7598,0
675828.474,5705980.371,106.0094693,7598,0
675809.5706,5705981.294,106.2097849,7598,0
675790.6672,5705982.217,106.4101005,7598,0
675771.7639,5705983.14,106.6104162,7598,0
675752.8605,5705984.063,106.8107318,7598,0
675733.9571,5705984.985,107.0110475,7598,0
675715.0538,5705985.908,107.2113631,7598,0
675696.1504,5705986.831,107.4116787,7598,0
675677.2471,5705987.754,107.6119944,7598,0
675658.3437,5705988.677,107.81231,7598,0
675639.4403,5705989.6,108.0126257,7598,0
675620.537,5705990.523,108.2129413,7598,0
675601.6336,5705991.446,108.413257,7598,0
675582.7302,5705992.369,108.6135726,7598,0
675563.8269,5705993.292,108.8138882,7598,0
675544.9235,5705994.215,109.0142039,7598,0
675526.0202,5705995.138,109.2145195,7598,0
675507.1168,5705996.06,109.4148352,7598,0
675488.2134,5705996.983,109.6151508,7598,0
675469.3101,5705997.906,109.8154665,7598,0
675450.4067,5705998.829,110.0157821,7598,0
675431.5033,5705999.752,110.2160977,7598,0
675412.6,5706000.675,110.4164134,7598,0
675393.6966,5706001.598,110.616729,7598,0
675374.7933,5706002.521,110.8170447,7598,0
675355.8899,5706003.444,111.0173603,7598,0
675336.9865,5706004.367,111.2176759,7598,0
675318.0832,5706005.29,111.4179916,7598,0
675299.1798,5706006.213,111.6183072,7598,0
675280.2764,5706007.135,111.8186229,7598,0
675261.3731,5706008.058,112.0189385,7598,0
675242.4697,5706008.981,112.2192542,7598,0
675223.5663,5706009.904,112.4195698,7598,0
675204.663,5706010.827,112.6198854,7598,0
675185.7596,5706011.75,112.8202011,7598,0
675166.8563,5706012.673,113.0205167,7598,0
675147.9529,5706013.596,113.2208324,7598,0
675129.0495,5706014.519,113.421148,7598,0
675110.1462,5706015.442,113.6214636,7598,0
675091.2428,5706016.365,113.8217793,7598,0
675072.3394,5706017.288,114.0220949,7598,0
675053.4361,5706018.21,114.2224106,7598,0
675034.5327,5706019.133,114.4227262,7598,0
675015.6294,5706020.056,114.6230419,7598,0
674996.726,5706020.979,114.8233575,7598,0
674977.8226,5706021.902,115.0236731,7598,0
674958.9193,5706022.825,115.2239888,7598,0
674940.0159,5706023.748,115.4243044,7598,0
674921.1125,5706024.671,115.6246201,7598,0
674902.2092,5706025.594,115.8249357,7598,0
674883.3058,5706026.517,116.0252513,7598,0
674864.4025,5706027.44,116.225567,7598,0
674845.4991,5706028.363,116.4258826,7598,0
674826.5957,5706029.285,116.6261983,7598,0
674807.6924,5706030.208,116.8265139,7598,0
674788.789,5706031.131,117.0268296,7598,0
674769.8856,5706032.054,117.2271452,7598,0
674750.9823,5706032.977,117.4274608,7598,0
674732.0789,5706033.9,117.6277765,7598,0
674713.1755,5706034.823,117.8280921,7598,0
674694.2722,5706035.746,118.0284078,7598,0
674675.3688,5706036.669,118.2287234,7598,0
674656.4655,5706037.592,118.4290391,7598,0
674637.5621,5706038.515,118.6293547,7598,0
674618.6587,5706039.438,118.8296703,7598,0
674599.7554,5706040.36,119.029986,7598,0
674580.852,5706041.283,119.2303016,7598,0
674561.9486,5706042.206,119.4306173,7598,0
674543.0453,5706043.129,119.6309329,7598,0
674524.1419,5706044.052,119.8312485,7598,0
674505.2386,5706044.975,120.0315642,7598,0
674486.3352,5706045.898,120.2318798,7598,0
674467.4318,5706046.821,120.4321955,7598,0
674448.5285,5706047.744,120.6325111,7598,0
674429.6251,5706048.667,120.8328268,7598,0
674410.7217,5706049.59,121.0331424,7598,0
674391.8184,5706050.513,121.233458,7598,0
674372.915,5706051.435,121.4337737,7598,0
674354.0117,5706052.358,121.6340893,7598,0
674335.1083,5706053.281,121.834405,7598,0
674316.2049,5706054.204,122.0347206,7598,0
674297.3016,5706055.127,122.2350362,7598,0
674278.3982,5706056.05,122.4353519,7598,0
674259.4948,5706056.973,122.6356675,7598,0
674240.5915,5706057.896,122.8359832,7598,0
674221.6881,5706058.819,123.0362988,7598,0
674202.7847,5706059.742,123.2366145,7598,0
674183.8814,5706060.665,123.4369301,7598,0
674164.978,5706061.588,123.6372457,7598,0
674146.0747,5706062.51,123.8375614,7598,0
674127.1713,5706063.433,124.037877,7598,0
674108.2679,5706064.356,124.2381927,7598,0
674089.3646,5706065.279,124.4385083,7598,0
674070.4612,5706066.202,124.6388239,7598,0
674051.5578,5706067.125,124.8391396,7598,0
674032.6545,5706068.048,125.0394552,7598,0
674013.7511,5706068.971,125.2397709,7598,0
673994.8478,5706069.894,125.4400865,7598,0
673975.9444,5706070.817,125.6404022,7598,0
673957.041,5706071.74,125.8407178,7598,0
673938.1377,5706072.663,126.0410334,7598,0

676438.8695,5706291.932,100,7881,0
676436.4642,5706273.085,100,7881,0
676434.059,5706254.238,100,7881,0
676431.6537,5706235.39,100,7881,0
676429.2484,5706216.543,100,7881,0
676426.8432,5706197.696,100,7881,0
676424.4379,5706178.849,100,7881,0
676422.0327,5706160.002,100,7881,0
676419.6274,5706141.155,100,7881,0
676417.2222,5706122.308,100,7881,0
676414.8169,5706103.46,100,7881,0
676412.4116,5706084.613,100,7881,0
676410.0064,5706065.766,100,7881,0
676407.6011,5706046.919,100,7881,0
676405.1959,5706028.072,100,7881,0
676402.7906,5706009.225,100,7881,0
676400.3854,5705990.378,100,7881,0
676397.9801,5705971.531,100,7881,0
676395.5748,5705952.683,100,7881,0
676376.6542,5705953.489,100.1680787,7881,0
676357.7335,5705954.295,100.3361574,7881,0
676338.8128,5705955.102,100.5042361,7881,0
676319.8921,5705955.908,100.6723148,7881,0
676300.9714,5705956.714,100.8403936,7881,0
676282.0507,5705957.52,101.0084723,7881,0
676263.1301,5705958.326,101.176551,7881,0
676244.2094,5705959.132,101.3446297,7881,0
676225.2887,5705959.938,101.5127084,7881,0
676206.368,5705960.744,101.6807871,7881,0
676187.4473,5705961.55,101.8488658,7881,0
676168.5266,5705962.356,102.0169445,7881,0
676149.6059,5705963.162,102.1850232,7881,0
676130.6853,5705963.968,102.353102,7881,0
676111.7646,5705964.774,102.5211807,7881,0
676092.8439,5705965.58,102.6892594,7881,0
676073.9232,5705966.386,102.8573381,7881,0
676055.0025,5705967.192,103.0254168,7881,0
676036.0818,5705967.999,103.1934955,7881,0
676017.1612,5705968.805,103.3615742,7881,0
675998.2405,5705969.611,103.5296529,7881,0
675979.3198,5705970.417,103.6977316,7881,0
675960.3991,5705971.223,103.8658104,7881,0
675941.4784,5705972.029,104.0338891,7881,0
675922.5577,5705972.835,104.2019678,7881,0
675903.637,5705973.641,104.3700465,7881,1
675884.7164,5705974.447,104.5381252,7881,0
675865.7957,5705975.253,104.7062039,7881,0
675846.875,5705976.059,104.8742826,7881,0
675827.9543,5705976.865,105.0423613,7881,0
675809.0336,5705977.671,105.21044,7881,0
675790.1129,5705978.477,105.3785188,7881,0
675771.1922,5705979.283,105.5465975,7881,0
675752.2716,5705980.089,105.7146762,7881,0
675733.3509,5705980.896,105.8827549,7881,0
675714.4302,5705981.702,106.0508336,7881,0
675695.5095,5705982.508,106.2189123,7881,0
675676.5888,5705983.314,106.386991,7881,0
675657.6681,5705984.12,106.5550697,7881,0
675638.7475,5705984.926,106.7231485,7881,0
675619.8268,5705985.732,106.8912272,7881,0
675600.9061,5705986.538,107.0593059,7881,0
675581.9854,5705987.344,107.2273846,7881,0
675563.0647,5705988.15,107.3954633,7881,0
675544.144,5705988.956,107.563542,7881,0
675525.2233,5705989.762,107.7316207,7881,0
675506.3027,5705990.568,107.8996994,7881,0
675487.382,5705991.374,108.0677781,7881,0
675468.4613,5705992.18,108.2358569,7881,0
675449.5406,5705992.987,108.4039356,7881,0
675430.6199,5705993.793,108.5720143,7881,0
675411.6992,5705994.599,108.740093,7881,0
675392.7785,5705995.405,108.9081717,7881,0
675373.8579,5705996.211,109.0762504,7881,0
675354.9372,5705997.017,109.2443291,7881,0
675336.0165,5705997.823,109.4124078,7881,0
675317.0958,5705998.629,109.5804865,7881,0
675298.1751,5705999.435,109.7485653,7881,0
675279.2544,5706000.241,109.916644,7881,0
675260.3338,5706001.047,110.0847227,7881,0
675241.4131,5706001.853,110.2528014,7881,0
675222.4924,5706002.659,110.4208801,7881,0
675203.5717,5706003.465,110.5889588,7881,0
675184.651,5706004.271,110.7570375,7881,0
675165.7303,5706005.077,110.9251162,7881,0
675146.8096,5706005.884,111.0931949,7881,0
675127.889,5706006.69,111.2612737,7881,0
675108.9683,5706007.496,111.4293524,7881,0
675090.0476,5706008.302,111.5974311,7881,0
675071.1269,5706009.108,111.7655098,7881,0
675052.2062,5706009.914,111.9335885,7881,0
675033.2855,5706010.72,112.1016672,7881,0
675014.3648,5706011.526,112.2697459,7881,0
674995.4442,5706012.332,112.4378246,7881,0
674976.5235,5706013.138,112.6059033,7881,0
674957.6028,5706013.944,112.7739821,7881,0
674938.6821,5706014.75,112.9420608,7881,0
674919.7614,5706015.556,113.1101395,7881,0
674900.8407,5706016.362,113.2782182,7881,0
674881.9201,5706017.168,113.4462969,7881,0
674862.9994,5706017.974,113.6143756,7881,0
674844.0787,5706018.781,113.7824543,7881,0
674825.158,5706019.587,113.950533,7881,0
674806.2373,5706020.393,114.1186117,7881,0
674787.3166,5706021.199,114.2866905,7881,0
674768.3959,5706022.005,114.4547692,7881,0
674749.4753,5706022.811,114.6228479,7881,0
674730.5546,5706023.617,114.7909266,7881,0
674711.6339,5706024.423,114.9590053,7881,0
674692.7132,5706025.229,115.127084,7881,0
674673.7925,5706026.035,115.2951627,7881,0
674654.8718,5706026.841,115.4632414,7881,0
674635.9511,5706027.647,115.6313201,7881,0
674617.0305,5706028.453,115.7993989,7881,0
674598.1098,5706029.259,115.9674776,7881,0
674579.1891,5706030.065,116.1355563,7881,0
674560.2684,5706030.871,116.303635,7881,0
674541.3477,5706031.678,116.4717137,7881,0
674522.427,5706032.484,116.6397924,7881,0
674503.5064,5706033.29,116.8078711,7881,0
674484.5857,5706034.096,116.9759498,7881,0
674465.665,5706034.902,117.1440285,7881,0
674446.7443,5706035.708,117.3121073,7881,0
674427.8236,5706036.514,117.480186,7881,0
674408.9029,5706037.32,117.6482647,7881,0
674389.9822,5706038.126,117.8163434,7881,0
674371.0616,5706038.932,117.9844221,7881,0
674352.1409,5706039.738,118.1525008,7881,0
674333.2202,5706040.544,118.3205795,7881,0
674314.2995,5706041.35,118.4886582,7881,0
674295.3788,5706042.156,118.656737,7881,0
674276.4581,5706042.962,118.8248157,7881,0
674257.5374,5706043.768,118.9928944,7881,0
674238.6168,5706044.575,119.1609731,7881,0
674219.6961,5706045.381,119.3290518,7881,0
674200.7754,5706046.187,119.4971305,7881,0
674181.8547,5706046.993,119.6652092,7881,0
674162.934,5706047.799,119.8332879,7881,0
674144.0133,5706048.605,120.0013666,7881,0
674125.0927,5706049.411,120.1694454,7881,0
674106.172,5706050.217,120.3375241,7881,0
674087.2513,5706051.023,120.5056028,7881,0
674068.3306,5706051.829,120.6736815,7881,0
674049.4099,5706052.635,120.8417602,7881,0
674030.4892,5706053.441,121.0098389,7881,0
674011.5685,5706054.247,121.1779176,7881,0
673992.6479,5706055.053,121.3459963,7881,0
673973.7272,5706055.859,121.514075,7881,0
673954.8065,5706056.665,121.6821538,7881,0
673935.8858,5706057.472,121.8502325,7881,0

675378.726,5705559.323,100,5853,0
675396.8692,5705553.682,100,5853,0
675415.0123,5705548.04,100,5853,0
675433.1554,5705542.399,100,5853,0
675451.2986,5705536.757,100,5853,0
675469.4417,5705531.116,100,5853,0
675487.5849,5705525.474,100,5853,0
675505.728,5705519.833,100,5853,0
675489.8919,5705526.786,104.1681555,5853,0
675474.0557,5705533.74,108.336311,5853,0
675458.2196,5705540.694,112.5044665,5853,0
675442.3834,5705547.647,116.672622,5853,0
675426.5472,5705554.601,120.8407775,5853,0
675410.7111,5705561.555,125.008933,5853,0
675394.8749,5705568.508,129.1770885,5853,0
675379.0388,5705575.462,133.345244,5853,0
675363.2026,5705582.415,137.5133995,5853,0
675347.3665,5705589.369,141.681555,5853,0
675331.5303,5705596.323,145.8497105,5853,0
675315.6942,5705603.276,150.017866,5853,0
675299.858,5705610.23,154.1860215,5853,0
675284.0219,5705617.184,158.354177,5853,0
675268.1857,5705624.137,162.5223325,5853,0
675252.3496,5705631.091,166.690488,5853,0
675236.5134,5705638.045,170.8586435,5853,0
675220.6773,5705644.998,175.026799,5853,0
675204.8411,5705651.952,179.1949546,5853,0
675189.005,5705658.906,183.3631101,5853,0
675173.1688,5705665.859,187.5312656,5853,0
675157.3326,5705672.813,191.6994211,5853,0
675141.4965,5705679.766,195.8675766,5853,0
675125.6603,5705686.72,200.0357321,5853,0
675109.8242,5705693.674,204.2038876,5853,0
675093.988,5705700.627,208.3720431,5853,0
675078.1519,5705707.581,212.5401986,5853,0
675062.3157,5705714.535,216.7083541,5853,0
675046.4796,5705721.488,220.8765096,5853,0
675030.6434,5705728.442,225.0446651,5853,0
675014.8073,5705735.396,229.2128206,5853,0
674998.9711,5705742.349,233.3809761,5853,0
674983.135,5705749.303,237.5491316,5853,0
674967.2988,5705756.257,241.7172871,5853,0
674951.4627,5705763.21,245.8854426,5853,0
674935.6265,5705770.164,250.0535981,5853,0
674919.7904,5705777.117,254.2217536,5853,0
674903.9542,5705784.071,258.3899091,5853,0
674888.118,5705791.025,262.5580646,5853,0
674872.2819,5705797.978,266.7262201,5853,0
674856.4457,5705804.932,270.8943756,5853,0
674840.6096,5705811.886,275.0625311,5853,0
674824.7734,5705818.839,279.2306866,5853,0
674808.9373,5705825.793,283.3988421,5853,0
674793.1011,5705832.747,287.5669976,5853,0
674777.265,5705839.7,291.7351531,5853,0
674761.4288,5705846.654,295.9033086,5853,0
674745.5927,5705853.608,300.0714641,5853,0
674729.7565,5705860.561,304.2396196,5853,0
674713.9204,5705867.515,308.4077751,5853,0
674698.0842,5705874.468,312.5759306,5853,0
674682.2481,5705881.422,316.7440861,5853,0
674666.4119,5705888.376,320.9122416,5853,1
674650.5757,5705895.329,325.0803971,5853,0
674634.7396,5705902.283,329.2485526,5853,0
674618.9034,5705909.237,333.4167082,5853,0
674603.0673,5705916.19,337.5848637,5853,0
674587.2311,5705923.144,341.7530192,5853,0
674571.395,5705930.098,345.9211747,5853,0
674555.5588,5705937.051,350.0893302,5853,0
674539.7227,5705944.005,354.2574857,5853,0
674523.8865,5705950.959,358.4256412,5853,0
674508.0504,5705957.912,362.5937967,5853,0
674492.2142,5705964.866,366.7619522,5853,0
674476.3781,5705971.819,370.9301077,5853,0
674460.5419,5705978.773,375.0982632,5853,0
674444.7058,5705985.727,379.2664187,5853,0
674428.8696,5705992.68,383.4345742,5853,0
674413.0335,5705999.634,387.6027297,5853,0
674397.1973,5706006.588,391.7708852,5853,0
674381.3611,5706013.541,395.9390407,5853,0
674365.525,5706020.495,400.1071962,5853,0
674349.6888,5706027.449,404.2753517,5853,0
674333.8527,5706034.402,408.4435072,5853,0
674318.0165,5706041.356,412.6116627,5853,0
674302.1804,5706048.31,416.7798182,5853,0
674286.3442,5706055.263,420.9479737,5853,0
674270.5081,5706062.217,425.1161292,5853,0
674254.6719,5706069.17,429.2842847,5853,0
674238.8358,5706076.124,433.4524402,5853,0
674222.9996,5706083.078,437.6205957,5853,0
674207.1635,5706090.031,441.7887512,5853,0
674191.3273,5706096.985,445.9569067,5853,0
674175.4912,5706103.939,450.1250622,5853,0
674159.655,5706110.892,454.2932177,5853,0
674143.8189,5706117.846,458.4613732,5853,0
674127.9827,5706124.8,462.6295287,5853,0
674112.1465,5706131.753,466.7976842,5853,0
674096.3104,5706138.707,470.9658397,5853,0
674080.4742,5706145.661,475.1339952,5853,0
674064.6381,5706152.614,479.3021507,5853,0
674048.8019,5706159.568,483.4703063,5853,0
674032.9658,5706166.521,487.6384618,5853,0
674017.1296,5706173.475,491.8066173,5853,0
674001.2935,5706180.429,495.9747728,5853,0
673985.4573,5706187.382,500.1429283,5853,0
673969.6212,5706194.336,504.3110838,5853,0
673953.785,5706201.29,508.4792393,5853,0
673937.9489,5706208.243,512.6473948,5853,0
673922.1127,5706215.197,516.8155503,5853,0
673906.2766,5706222.151,520.9837058,5853,0
673890.4404,5706229.104,525.1518613,5853,0
673874.6043,5706236.058,529.3200168,5853,0
673858.7681,5706243.011,533.4881723,5853,0
673842.9319,5706249.965,537.6563278,5853,0
673827.0958,5706256.919,541.8244833,5853,0
673811.2596,5706263.872,545.9926388,5853,0
673795.4235,5706270.826,550.1607943,5853,0
673779.5873,5706277.78,554.3289498,5853,0
673763.7512,5706284.733,558.4971053,5853,0
673747.915,5706291.687,562.6652608,5853,0
673732.0789,5706298.641,566.8334163,5853,0
673716.2427,5706305.594,571.0015718,5853,0
673700.4066,5706312.548,575.1697273,5853,0
673684.5704,5706319.502,579.3378828,5853,0
673668.7343,5706326.455,583.5060383,5853,0
673652.8981,5706333.409,587.6741938,5853,0
673637.062,5706340.362,591.8423493,5853,0
673621.2258,5706347.316,596.0105048,5853,0
673605.3897,5706354.27,600.1786603,5853,0
673589.5535,5706361.223,604.3468158,5853,0
673573.7173,5706368.177,608.5149713,5853,0
673557.8812,5706375.131,612.6831268,5853,0
673542.045,5706382.084,616.8512823,5853,0
673526.2089,5706389.038,621.0194378,5853,0
673510.3727,5706395.992,625.1875933,5853,0
673494.5366,5706402.945,629.3557488,5853,0
673478.7004,5706409.899,633.5239043,5853,0
673462.8643,5706416.853,637.6920599,5853,0
673447.0281,5706423.806,641.8602154,5853,0
673431.192,5706430.76,646.0283709,5853,0
673415.3558,5706437.713,650.1965264,5853,0
673399.5197,5706444.667,654.3646819,5853,0
673383.6835,5706451.621,658.5328374,5853,0
673367.8474,5706458.574,662.7009929,5853,0
673352.0112,5706465.528,666.8691484,5853,0
673336.1751,5706472.482,671.0373039,5853,0
673320.3389,5706479.435,675.2054594,5853,0
673304.5027,5706486.389,679.3736149,5853,0
673288.6666,5706493.343,683.5417704,5853,0
673272.8304,5706500.296,687.7099259,5853,0

675629.418,5705995.321,100,9695,0
675642.5295,5705981.57,100,9695,0
675655.641,5705967.819,100,9695,0
675668.7525,5705954.068,100,9695,0
675681.864,5705940.317,100,9695,0
675694.9755,5705926.566,100,9695,0
675708.087,5705912.815,100,9695,0
675721.1985,5705899.064,100,9695,0
675734.31,5705885.313,100,9695,0
675747.4215,5705871.562,100,9695,0
675729.9086,5705872.37,103.6493653,9695,0
675712.3956,5705873.178,107.2987307,9695,0
675694.8827,5705873.986,110.948096,9695,0
675677.3698,5705874.794,114.5974613,9695,0
675659.8568,5705875.602,118.2468266,9695,0
675642.3439,5705876.41,121.896192,9695,0
675624.831,5705877.218,125.5455573,9695,0
675607.3181,5705878.026,129.1949226,9695,0
675589.8051,5705878.834,132.844288,9695,0
675572.2922,5705879.641,136.4936533,9695,0
675554.7793,5705880.449,140.1430186,9695,0
675537.2663,5705881.257,143.792384,9695,0
675519.7534,5705882.065,147.4417493,9695,0
675502.2405,5705882.873,151.0911146,9695,0
675484.7275,5705883.681,154.7404799,9695,0
675467.2146,5705884.489,158.3898453,9695,0
675449.7017,5705885.297,162.0392106,9695,0
675432.1887,5705886.105,165.6885759,9695,0
675414.6758,5705886.913,169.3379413,9695,0
675397.1629,5705887.721,172.9873066,9695,0
675379.65,5705888.529,176.6366719,9695,0
675362.137,5705889.337,180.2860372,9695,0
675344.6241,5705890.145,183.9354026,9695,0
675327.1112,5705890.953,187.5847679,9695,0
675309.5982,5705891.76,191.2341332,9695,0
675292.0853,5705892.568,194.8834986,9695,0
675274.5724,5705893.376,198.5328639,9695,0
675257.0594,5705894.184,202.1822292,9695,0
675239.5465,5705894.992,205.8315946,9695,0
675222.0336,5705895.8,209.4809599,9695,0
675204.5206,5705896.608,213.1303252,9695,0
675187.0077,5705897.416,216.7796905,9695,0
675169.4948,5705898.224,220.4290559,9695,0
675151.9819,5705899.032,224.0784212,9695,0
675134.4689,5705899.84,227.7277865,9695,0
675116.956,5705900.648,231.3771519,9695,0
675099.4431,5705901.456,235.0265172,9695,0
675081.9301,5705902.264,238.6758825,9695,0
675064.4172,5705903.071,242.3252478,9695,0
675046.9043,5705903.879,245.9746132,9695,0
675029.3913,5705904.687,249.6239785,9695,0
675011.8784,5705905.495,253.2733438,9695,0
674994.3655,5705906.303,256.9227092,9695,0
674976.8525,5705907.111,260.5720745,9695,0
674959.3396,5705907.919,264.2214398,9695,0
674941.8267,5705908.727,267.8708052,9695,0
674924.3138,5705909.535,271.5201705,9695,0
674906.8008,5705910.343,275.1695358,9695,1
674889.2879,5705911.151,278.8189011,9695,0
674871.775,5705911.959,282.4682665,9695,0
674854.262,5705912.767,286.1176318,9695,0
674836.7491,5705913.575,289.7669971,9695,0
674819.2362,5705914.382,293.4163625,9695,0
674801.7232,5705915.19,297.0657278,9695,0
674784.2103,5705915.998,300.7150931,9695,0
674766.6974,5705916.806,304.3644584,9695,0
674749.1845,5705917.614,308.0138238,9695,0
674731.6715,5705918.422,311.6631891,9695,0
674714.1586,5705919.23,315.3125544,9695,0
674696.6457,5705920.038,318.9619198,9695,0
674679.1327,5705920.846,322.6112851,9695,0
674661.6198,5705921.654,326.2606504,9695,0
674644.1069,5705922.462,329.9100158,9695,0
674626.5939,5705923.27,333.5593811,9695,0
674609.081,5705924.078,337.2087464,9695,0
674591.5681,5705924.886,340.8581117,9695,0
674574.0551,5705925.693,344.5074771,9695,0
674556.5422,5705926.501,348.1568424,9695,0
674539.0293,5705927.309,351.8062077,9695,0
674521.5164,5705928.117,355.4555731,9695,0
674504.0034,5705928.925,359.1049384,9695,0
674486.4905,5705929.733,362.7543037,9695,0
674468.9776,5705930.541,366.4036691,9695,0
674451.4646,5705931.349,370.0530344,9695,0
674433.9517,5705932.157,373.7023997,9695,0
674416.4388,5705932.965,377.351765,9695,0
674398.9258,5705933.773,381.0011304,9695,0
674381.4129,5705934.581,384.6504957,9695,0
674363.9,5705935.389,388.299861,9695,0
674346.387,5705936.197,391.9492264,9695,0
674328.8741,5705937.004,395.5985917,9695,0
674311.3612,5705937.812,399.247957,9695,0
674293.8483,5705938.62,402.8973223,9695,0
674276.3353,5705939.428,406.5466877,9695,0
674258.8224,5705940.236,410.196053,9695,0
674241.3095,5705941.044,413.8454183,9695,0
674223.7965,5705941.852,417.4947837,9695,0
674206.2836,5705942.66,421.144149,9695,0
674188.7707,5705943.468,424.7935143,9695,0
674171.2577,5705944.276,428.4428797,9695,0
674153.7448,5705945.084,432.092245,9695,0
674136.2319,5705945.892,435.7416103,9695,0
674118.7189,5705946.7,439.3909756,9695,0
674101.206,5705947.508,443.040341,9695,0
674083.6931,5705948.315,446.6897063,9695,0
674066.1802,5705949.123,450.3390716,9695,0
674048.6672,5705949.931,453.988437,9695,0
674031.1543,5705950.739,457.6378023,9695,0
674013.6414,5705951.547,461.2871676,9695,0
673996.1284,5705952.355,464.9365329,9695,0
673978.6155,5705953.163,468.5858983,9695,0
673961.1026,5705953.971,472.2352636,9695,0
673943.5896,5705954.779,475.8846289,9695,0
673926.0767,5705955.587,479.5339943,9695,0
673908.5638,5705956.395,483.1833596,9695,0
673891.0508,5705957.203,486.8327249,9695,0
673873.5379,5705958.011,490.4820903,9695,0
673856.025,5705958.819,494.1314556,9695,0
673838.5121,5705959.626,497.7808209,9695,0
673820.9991,5705960.434,501.4301862,9695,0
673803.4862,5705961.242,505.0795516,9695,0
673785.9733,5705962.05,508.7289169,9695,0
673768.4603,5705962.858,512.3782822,9695,0
673750.9474,5705963.666,516.0276476,9695,0
673733.4345,5705964.474,519.6770129,9695,0
673715.9215,5705965.282,523.3263782,9695,0
673698.4086,5705966.09,526.9757435,9695,0
673680.8957,5705966.898,530.6251089,9695,0
673663.3827,5705967.706,534.2744742,9695,0
673645.8698,5705968.514,537.9238395,9695,0
673628.3569,5705969.322,541.5732049,9695,0
673610.844,5705970.13,545.2225702,9695,0
673593.331,5705970.937,548.8719355,9695,0
673575.8181,5705971.745,552.5213009,9695,0
673558.3052,5705972.553,556.1706662,9695,0
673540.7922,5705973.361,559.8200315,9695,0
673523.2793,5705974.169,563.4693968,9695,0
673505.7664,5705974.977,567.1187622,9695,0
673488.2534,5705975.785,570.7681275,9695,0
673470.7405,5705976.593,574.4174928,9695,0
673453.2276,5705977.401,578.0668582,9695,0
673435.7146,5705978.209,581.7162235,9695,0
673418.2017,5705979.017,585.3655888,9695,0
673400.6888,5705979.825,589.0149541,9695,0
673383.1759,5705980.633,592.6643195,9695,0
673365.6629,5705981.441,596.3136848,9695,0
673348.15,5705982.248,599.9630501,9695,0
673330.6371,5705983.056,603.6124155,9695,0
673313.1241,5705983.864,607.2617808,9695,0

676000.5762,5706234.794,100,6712,0
676006.5049,5706216.742,100,6712,0
676012.4335,5706198.691,100,6712,0
676018.3622,5706180.639,100,6712,0
676024.2908,5706162.588,100,6712,0
676030.2194,5706144.537,100,6712,0
676036.1481,5706126.485,100,6712,0
676042.0767,5706108.434,100,6712,0
676048.0053,5706090.383,100,6712,0
676053.934,5706072.331,100,6712,0
676059.8626,5706054.28,100,6712,0
676065.7912,5706036.229,100,6712,0
676071.7199,5706018.177,100,6712,0
676077.6485,5706000.126,100,6712,0
676083.5771,5705982.075,100,6712,0
676089.5058,5705964.023,100,6712,0
676095.4344,5705945.972,100,6712,0
676101.363,5705927.921,100,6712,0
676083.1644,5705928.692,102.0376802,6712,0
676064.9658,5705929.463,104.0753604,6712,0
676046.7672,5705930.234,106.1130406,6712,0
676028.5685,5705931.006,108.1507208,6712,0
676010.3699,5705931.777,110.188401,6712,0
675992.1713,5705932.548,112.2260812,6712,0
675973.9727,5705933.32,114.2637613,6712,0
675955.7741,5705934.091,116.3014415,6712,0
675937.5754,5705934.862,118.3391217,6712,0
675919.3768,5705935.634,120.3768019,6712,0
675901.1782,5705936.405,122.4144821,6712,0
675882.9796,5705937.176,124.4521623,6712,0
675864.7809,5705937.948,126.4898425,6712,0
675846.5823,5705938.719,128.5275227,6712,0
675828.3837,5705939.49,130.5652029,6712,0
675810.1851,5705940.261,132.6028831,6712,0
675791.9864,5705941.033,134.6405633,6712,0
675773.7878,5705941.804,136.6782435,6712,0
675755.5892,5705942.575,138.7159237,6712,0
675737.3906,5705943.347,140.7536038,6712,0
675719.1919,5705944.118,142.791284,6712,0
675700.9933,5705944.889,144.8289642,6712,0
675682.7947,5705945.661,146.8666444,6712,0
675664.5961,5705946.432,148.9043246,6712,0
675646.3974,5705947.203,150.9420048,6712,0
675628.1988,5705947.974,152.979685,6712,0
675610.0002,5705948.746,155.0173652,6712,0
675591.8016,5705949.517,157.0550454,6712,0
675573.6029,5705950.288,159.0927256,6712,0
675555.4043,5705951.06,161.1304058,6712,0
675537.2057,5705951.831,163.168086,6712,0
675519.0071,5705952.602,165.2057662,6712,1
675500.8084,5705953.374,167.2434463,6712,0
675482.6098,5705954.145,169.2811265,6712,0
675464.4112,5705954.916,171.3188067,6712,0
675446.2126,5705955.688,173.3564869,6712,0
675428.0139,5705956.459,175.3941671,6712,0
675409.8153,5705957.23,177.4318473,6712,0
675391.6167,5705958.001,179.4695275,6712,0
675373.4181,5705958.773,181.5072077,6712,0
675355.2194,5705959.544,183.5448879,6712,0
675337.0208,5705960.315,185.5825681,6712,0
675318.8222,5705961.087,187.6202483,6712,0
675300.6236,5705961.858,189.6579285,6712,0
675282.4249,5705962.629,191.6956087,6712,0
675264.2263,5705963.401,193.7332888,6712,0
675246.0277,5705964.172,195.770969,6712,0
675227.8291,5705964.943,197.8086492,6712,0
675209.6304,5705965.714,199.8463294,6712,0
675191.4318,5705966.486,201.8840096,6712,0
675173.2332,5705967.257,203.9216898,6712,0
675155.0346,5705968.028,205.95937,6712,0
675136.8359,5705968.8,207.9970502,6712,0
675118.6373,5705969.571,210.0347304,6712,0
675100.4387,5705970.342,212.0724106,6712,0
675082.2401,5705971.114,214.1100908,6712,0
675064.0414,5705971.885,216.147771,6712,0
675045.8428,5705972.656,218.1854512,6712,0
675027.6442,5705973.428,220.2231313,6712,0
675009.4456,5705974.199,222.2608115,6712,0
674991.2469,5705974.97,224.2984917,6712,0
674973.0483,5705975.741,226.3361719,6712,0
674954.8497,5705976.513,228.3738521,6712,0
674936.6511,5705977.284,230.4115323,6712,0
674918.4525,5705978.055,232.4492125,6712,0
674900.2538,5705978.827,234.4868927,6712,0
674882.0552,5705979.598,236.5245729,6712,0
674863.8566,5705980.369,238.5622531,6712,0
674845.658,5705981.141,240.5999333,6712,0
674827.4593,5705981.912,242.6376135,6712,0
674809.2607,5705982.683,244.6752937,6712,0
674791.0621,5705983.454,246.7129738,6712,0
674772.8635,5705984.226,248.750654,6712,0
674754.6648,5705984.997,250.7883342,6712,0
674736.4662,5705985.768,252.8260144,6712,0
674718.2676,5705986.54,254.8636946,6712,0
674700.069,5705987.311,256.9013748,6712,0
674681.8703,5705988.082,258.939055,6712,0
674663.6717,5705988.854,260.9767352,6712,0
674645.4731,5705989.625,263.0144154,6712,0
674627.2745,5705990.396,265.0520956,6712,0
674609.0758,5705991.168,267.0897758,6712,0
674590.8772,5705991.939,269.127456,6712,0
674572.6786,5705992.71,271.1651362,6712,0
674554.48,5705993.481,273.2028163,6712,0
674536.2813,5705994.253,275.2404965,6712,0
674518.0827,5705995.024,277.2781767,6712,0
674499.8841,5705995.795,279.3158569,6712,0
674481.6855,5705996.567,281.3535371,6712,0
674463.4868,5705997.338,283.3912173,6712,0
674445.2882,5705998.109,285.4288975,6712,0
674427.0896,5705998.881,287.4665777,6712,0
674408.891,5705999.652,289.5042579,6712,0
674390.6923,5706000.423,291.5419381,6712,0
674372.4937,5706001.194,293.5796183,6712,0
674354.2951,5706001.966,295.6172985,6712,0
674336.0965,5706002.737,297.6549787,6712,0
674317.8978,5706003.508,299.6926588,6712,0
674299.6992,5706004.28,301.730339,6712,0
674281.5006,5706005.051,303.7680192,6712,0
674263.302,5706005.822,305.8056994,6712,0
674245.1033,5706006.594,307.8433796,6712,0
674226.9047,5706007.365,309.8810598,6712,0
674208.7061,5706008.136,311.91874,6712,0
674190.5075,5706008.908,313.9564202,6712,0
674172.3088,5706009.679,315.9941004,6712,0
674154.1102,5706010.45,318.0317806,6712,0
674135.9116,5706011.221,320.0694608,6712,0
674117.713,5706011.993,322.107141,6712,0
674099.5143,5706012.764,324.1448212,6712,0
674081.3157,5706013.535,326.1825013,6712,0
674063.1171,5706014.307,328.2201815,6712,0
674044.9185,5706015.078,330.2578617,6712,0
674026.7198,5706015.849,332.2955419,6712,0
674008.5212,5706016.621,334.3332221,6712,0
673990.3226,5706017.392,336.3709023,6712,0
673972.124,5706018.163,338.4085825,6712,0
673953.9253,5706018.934,340.4462627,6712,0
673935.7267,5706019.706,342.4839429,6712,0
673917.5281,5706020.477,344.5216231,6712,0
673899.3295,5706021.248,346.5593033,6712,0
673881.1308,5706022.02,348.5969835,6712,0
673862.9322,5706022.791,350.6346637,6712,0
673844.7336,5706023.562,352.6723438,6712,0
673826.535,5706024.334,354.710024,6712,0
673808.3364,5706025.105,356.7477042,6712,0
673790.1377,5706025.876,358.7853844,6712,0
673771.9391,5706026.648,360.8230646,6712,0
673753.7405,5706027.419,362.8607448,6712,0
673735.5419,5706028.19,364.898425,6712,0
673717.3432,5706028.961,366.9361052,6712,0

676000.5762,5706234.794,100,7358,0
676006.5049,5706216.742,100,7358,0
676012.4335,5706198.691,100,7358,0
676018.3622,5706180.639,100,7358,0
676024.2908,5706162.588,100,7358,0
676030.2194,5706144.537,100,7358,0
676036.1481,5706126.485,100,7358,0
676042.0767,5706108.434,100,7358,0
676048.0053,5706090.383,100,7358,0
676053.934,5706072.331,100,7358,0
676059.8626,5706054.28,100,7358,0
676065.7912,5706036.229,100,7358,0
676071.7199,5706018.177,100,7358,0
676077.6485,5706000.126,100,7358,0
676083.5771,5705982.075,100,7358,0
676089.5058,5705964.023,100,7358,0
676095.4344,5705945.972,100,7358,0
676101.363,5705927.921,100,7358,0
676083.1972,5705928.568,102.130314,7358,0
676065.0313,5705929.216,104.260628,7358,0
676046.8654,5705929.864,106.3909419,7358,0
676028.6996,5705930.511,108.5212559,7358,0
676010.5337,5705931.159,110.6515699,7358,0
675992.3678,5705931.807,112.7818839,7358,0
675974.202,5705932.454,114.9121979,7358,0
675956.0361,5705933.102,117.0425118,7358,0
675937.8702,5705933.75,119.1728258,7358,0
675919.7044,5705934.397,121.3031398,7358,0
675901.5385,5705935.045,123.4334538,7358,0
675883.3726,5705935.693,125.5637678,7358,0
675865.2068,5705936.34,127.6940817,7358,0
675847.0409,5705936.988,129.8243957,7358,0
675828.875,5705937.636,131.9547097,7358,0
675810.7092,5705938.283,134.0850237,7358,0
675792.5433,5705938.931,136.2153377,7358,0
675774.3774,5705939.579,138.3456516,7358,0
675756.2116,5705940.226,140.4759656,7358,0
675738.0457,5705940.874,142.6062796,7358,0
675719.8798,5705941.522,144.7365936,7358,0
675701.714,5705942.17,146.8669076,7358,0
675683.5481,5705942.817,148.9972215,7358,0
675665.3822,5705943.465,151.1275355,7358,0
675647.2164,5705944.113,153.2578495,7358,0
675629.0505,5705944.76,155.3881635,7358,0
675610.8846,5705945.408,157.5184775,7358,0
675592.7188,5705946.056,159.6487915,7358,0
675574.5529,5705946.703,161.7791054,7358,0
675556.387,5705947.351,163.9094194,7358,0
675538.2212,5705947.999,166.0397334,7358,0
675520.0553,5705948.646,168.1700474,7358,1
675501.8894,5705949.294,170.3003614,7358,0
675483.7236,5705949.942,172.4306753,7358,0
675465.5577,5705950.589,174.5609893,7358,0
675447.3918,5705951.237,176.6913033,7358,0
675429.226,5705951.885,178.8216173,7358,0
675411.0601,5705952.532,180.9519313,7358,0
675392.8942,5705953.18,183.0822452,7358,0
675374.7284,5705953.828,185.2125592,7358,0
675356.5625,5705954.475,187.3428732,7358,0
675338.3966,5705955.123,189.4731872,7358,0
675320.2308,5705955.771,191.6035012,7358,0
675302.0649,5705956.419,193.7338151,7358,0
675283.899,5705957.066,195.8641291,7358,0
675265.7332,5705957.714,197.9944431,7358,0
675247.5673,5705958.362,200.1247571,7358,0
675229.4014,5705959.009,202.2550711,7358,0
675211.2356,5705959.657,204.385385,7358,0
675193.0697,5705960.305,206.515699,7358,0
675174.9038,5705960.952,208.646013,7358,0
675156.738,5705961.6,210.776327,7358,0
675138.5721,5705962.248,212.906641,7358,0
675120.4062,5705962.895,215.0369549,7358,0
675102.2404,5705963.543,217.1672689,7358,0
675084.0745,5705964.191,219.2975829,7358,0
675065.9086,5705964.838,221.4278969,7358,0
675047.7428,5705965.486,223.5582109,7358,0
675029.5769,5705966.134,225.6885248,7358,0
675011.411,5705966.781,227.8188388,7358,0
674993.2452,5705967.429,229.9491528,7358,0
674975.0793,5705968.077,232.0794668,7358,0
674956.9134,5705968.724,234.2097808,7358,0
674938.7476,5705969.372,236.3400947,7358,0
674920.5817,5705970.02,238.4704087,7358,0
674902.4158,5705970.668,240.6007227,7358,0
674884.25,5705971.315,242.7310367,7358,0
674866.0841,5705971.963,244.8613507,7358,0
674847.9182,5705972.611,246.9916646,7358,0
674829.7523,5705973.258,249.1219786,7358,0
674811.5865,5705973.906,251.2522926,7358,0
674793.4206,5705974.554,253.3826066,7358,0
674775.2547,5705975.201,255.5129206,7358,0
674757.0889,5705975.849,257.6432345,7358,0
674738.923,5705976.497,259.7735485,7358,0
674720.7571,5705977.144,261.9038625,7358,0
674702.5913,5705977.792,264.0341765,7358,0
674684.4254,5705978.44,266.1644905,7358,0
674666.2595,5705979.087,268.2948045,7358,0
674648.0937,5705979.735,270.4251184,7358,0
674629.9278,5705980.383,272.5554324,7358,0
674611.7619,5705981.03,274.6857464,7358,0
674593.5961,5705981.678,276.8160604,7358,0
674575.4302,5705982.326,278.9463744,7358,0
674557.2643,5705982.973,281.0766883,7358,0
674539.0985,5705983.621,283.2070023,7358,0
674520.9326,5705984.269,285.3373163,7358,0
674502.7667,5705984.916,287.4676303,7358,0
674484.6009,5705985.564,289.5979443,7358,0
674466.435,5705986.212,291.7282582,7358,0
674448.2691,5705986.86,293.8585722,7358,0
674430.1033,5705987.507,295.9888862,7358,0
674411.9374,5705988.155,298.1192002,7358,0
674393.7715,5705988.803,300.2495142,7358,0
674375.6057,5705989.45,302.3798281,7358,0
674357.4398,5705990.098,304.5101421,7358,0
674339.2739,5705990.746,306.6404561,7358,0
674321.1081,5705991.393,308.7707701,7358,0
674302.9422,5705992.041,310.9010841,7358,0
674284.7763,5705992.689,313.031398,7358,0
674266.6105,5705993.336,315.161712,7358,0
674248.4446,5705993.984,317.292026,7358,0
674230.2787,5705994.632,319.42234,7358,0
674212.1129,5705995.279,321.552654,7358,0
674193.947,5705995.927,323.6829679,7358,0
674175.7811,5705996.575,325.8132819,7358,0
674157.6153,5705997.222,327.9435959,7358,0
674139.4494,5705997.87,330.0739099,7358,0
674121.2835,5705998.518,332.2042239,7358,0
674103.1177,5705999.165,334.3345378,7358,0
674084.9518,5705999.813,336.4648518,7358,0
674066.7859,5706000.461,338.5951658,7358,0
674048.6201,5706001.109,340.7254798,7358,0
674030.4542,5706001.756,342.8557938,7358,0
674012.2883,5706002.404,344.9861077,7358,0
673994.1225,5706003.052,347.1164217,7358,0
673975.9566,5706003.699,349.2467357,7358,0
673957.7907,5706004.347,351.3770497,7358,0
673939.6249,5706004.995,353.5073637,7358,0
673921.459,5706005.642,355.6376776,7358,0
673903.2931,5706006.29,357.7679916,7358,0
673885.1273,5706006.938,359.8983056,7358,0
673866.9614,5706007.585,362.0286196,7358,0
673848.7955,5706008.233,364.1589336,7358,0
673830.6297,5706008.881,366.2892475,7358,0
673812.4638,5706009.528,368.4195615,7358,0
673794.2979,5706010.176,370.5498755,7358,0
673776.1321,5706010.824,372.6801895,7358,0
673757.9662,5706011.471,374.8105035,7358,0
673739.8003,5706012.119,376.9408175,7358,0
673721.6345,5706012.767,379.0711314,7358,0

676000.5762,5706234.794,100,7748,0
676006.5049,5706216.742,100,7748,0
676012.4335,5706198.691,100,7748,0
676018.3622,5706180.639,100,7748,0
676024.2908,5706162.588,100,7748,0
676030.2194,5706144.537,100,7748,0
676036.1481,5706126.485,100,7748,0
676042.0767,5706108.434,100,7748,0
676048.0053,5706090.383,100,7748,0
676053.934,5706072.331,100,7748,0
676059.8626,5706054.28,100,7748,0
676065.7912,5706036.229,100,7748,0
676071.7199,5706018.177,100,7748,0
676053.9501,5706016.212,102.852075,7748,0
676036.1804,5706014.247,105.7041499,7748,0
676018.4106,5706012.283,108.5562249,7748,0
676000.6409,5706010.318,111.4082999,7748,0
675982.8712,5706008.353,114.2603748,7748,0
675965.1014,5706006.388,117.1124498,7748,0
675947.3317,5706004.423,119.9645247,7748,0
675929.5619,5706002.458,122.8165997,7748,0
675911.7922,5706000.493,125.6686747,7748,0
675894.0224,5705998.528,128.5207496,7748,0
675876.2527,5705996.563,131.3728246,7748,0
675858.4829,5705994.598,134.2248996,7748,0
675840.7132,5705992.633,137.0769745,7748,0
675822.9435,5705990.668,139.9290495,7748,0
675805.1737,5705988.703,142.7811244,7748,0
675787.404,5705986.739,145.6331994,7748,0
675769.6342,5705984.774,148.4852744,7748,0
675751.8645,5705982.809,151.3373493,7748,0
675734.0947,5705980.844,154.1894243,7748,0
675716.325,5705978.879,157.0414993,7748,0
675698.5552,5705976.914,159.8935742,7748,0
675680.7855,5705974.949,162.7456492,7748,0
675663.0158,5705972.984,165.5977241,7748,0
675645.246,5705971.019,168.4497991,7748,0
675627.4763,5705969.054,171.3018741,7748,0
675609.7065,5705967.089,174.153949,7748,0
675591.9368,5705965.124,177.006024,7748,0
675574.167,5705963.16,179.858099,7748,0
675556.3973,5705961.195,182.7101739,7748,0
675538.6276,5705959.23,185.5622489,7748,0
675520.8578,5705957.265,188.4143239,7748,0
675503.0881,5705955.3,191.2663988,7748,0
675485.3183,5705953.335,194.1184738,7748,0
675467.5486,5705951.37,196.9705487,7748,0
675449.7788,5705949.405,199.8226237,7748,0
675432.0091,5705947.44,202.6746987,7748,0
675414.2393,5705945.475,205.5267736,7748,0
675396.4696,5705943.51,208.3788486,7748,0
675378.6999,5705941.545,211.2309236,7748,0
675360.9301,5705939.58,214.0829985,7748,1
675343.1604,5705937.616,216.9350735,7748,0
675325.3906,5705935.651,219.7871484,7748,0
675307.6209,5705933.686,222.6392234,7748,0
675289.8511,5705931.721,225.4912984,7748,0
675272.0814,5705929.756,228.3433733,7748,0
675254.3117,5705927.791,231.1954483,7748,0
675236.5419,5705925.826,234.0475233,7748,0
675218.7722,5705923.861,236.8995982,7748,0
675201.0024,5705921.896,239.7516732,7748,0
675183.2327,5705919.931,242.6037482,7748,0
675165.4629,5705917.966,245.4558231,7748,0
675147.6932,5705916.001,248.3078981,7748,0
675129.9234,5705914.037,251.159973,7748,0
675112.1537,5705912.072,254.012048,7748,0
675094.384,5705910.107,256.864123,7748,0
675076.6142,5705908.142,259.7161979,7748,0
675058.8445,5705906.177,262.5682729,7748,0
675041.0747,5705904.212,265.4203479,7748,0
675023.305,5705902.247,268.2724228,7748,0
675005.5352,5705900.282,271.1244978,7748,0
674987.7655,5705898.317,273.9765727,7748,0
674969.9958,5705896.352,276.8286477,7748,0
674952.226,5705894.387,279.6807227,7748,0
674934.4563,5705892.422,282.5327976,7748,0
674916.6865,5705890.457,285.3848726,7748,0
674898.9168,5705888.493,288.2369476,7748,0
674881.147,5705886.528,291.0890225,7748,0
674863.3773,5705884.563,293.9410975,7748,0
674845.6075,5705882.598,296.7931724,7748,0
674827.8378,5705880.633,299.6452474,7748,0
674810.0681,5705878.668,302.4973224,7748,0
674792.2983,5705876.703,305.3493973,7748,0
674774.5286,5705874.738,308.2014723,7748,0
674756.7588,5705872.773,311.0535473,7748,0
674738.9891,5705870.808,313.9056222,7748,0
674721.2193,5705868.843,316.7576972,7748,0
674703.4496,5705866.878,319.6097722,7748,0
674685.6799,5705864.914,322.4618471,7748,0
674667.9101,5705862.949,325.3139221,7748,0
674650.1404,5705860.984,328.165997,7748,0
674632.3706,5705859.019,331.018072,7748,0
674614.6009,5705857.054,333.870147,7748,0
674596.8311,5705855.089,336.7222219,7748,0
674579.0614,5705853.124,339.5742969,7748,0
674561.2916,5705851.159,342.4263719,7748,0
674543.5219,5705849.194,345.2784468,7748,0
674525.7522,5705847.229,348.1305218,7748,0
674507.9824,5705845.264,350.9825967,7748,0
674490.2127,5705843.299,353.8346717,7748,0
674472.4429,5705841.334,356.6867467,7748,0
674454.6732,5705839.37,359.5388216,7748,0
674436.9034,5705837.405,362.3908966,7748,0
674419.1337,5705835.44,365.2429716,7748,0
674401.3639,5705833.475,368.0950465,7748,0
674383.5942,5705831.51,370.9471215,7748,0
674365.8245,5705829.545,373.7991965,7748,0
674348.0547,5705827.58,376.6512714,7748,0
674330.285,5705825.615,379.5033464,7748,0
674312.5152,5705823.65,382.3554213,7748,0
674294.7455,5705821.685,385.2074963,7748,0
674276.9757,5705819.72,388.0595713,7748,0
674259.206,5705817.755,390.9116462,7748,0
674241.4363,5705815.791,393.7637212,7748,0
674223.6665,5705813.826,396.6157962,7748,0
674205.8968,5705811.861,399.4678711,7748,0
674188.127,5705809.896,402.3199461,7748,0
674170.3573,5705807.931,405.172021,7748,0
674152.5875,5705805.966,408.024096,7748,0
674134.8178,5705804.001,410.876171,7748,0
674117.048,5705802.036,413.7282459,7748,0
674099.2783,5705800.071,416.5803209,7748,0
674081.5086,5705798.106,419.4323959,7748,0
674063.7388,5705796.141,422.2844708,7748,0
674045.9691,5705794.176,425.1365458,7748,0
674028.1993,5705792.211,427.9886207,7748,0
674010.4296,5705790.247,430.8406957,7748,0
673992.6598,5705788.282,433.6927707,7748,0
673974.8901,5705786.317,436.5448456,7748,0
673957.1204,5705784.352,439.3969206,7748,0
673939.3506,5705782.387,442.2489956,7748,0
673921.5809,5705780.422,445.1010705,7748,0
673903.8111,5705778.457,447.9531455,7748,0
673886.0414,5705776.492,450.8052205,7748,0
673868.2716,5705774.527,453.6572954,7748,0
673850.5019,5705772.562,456.5093704,7748,0
673832.7321,5705770.597,459.3614453,7748,0
673814.9624,5705768.632,462.2135203,7748,0
673797.1927,5705766.668,465.0655953,7748,0
673779.4229,5705764.703,467.9176702,7748,0
673761.6532,5705762.738,470.7697452,7748,0
673743.8834,5705760.773,473.6218202,7748,0
673726.1137,5705758.808,476.4738951,7748,0
673708.3439,5705756.843,479.3259701,7748,0
673690.5742,5705754.878,482.178045,7748,0
673672.8045,5705752.913,485.03012,7748,0
673655.0347,5705750.948,487.882195,7748,0

676060.9969,5706254.788,100,6904,0
676065.7688,5706236.397,100,6904,0
676070.5406,5706218.006,100,6904,0
676075.3124,5706199.615,100,6904,0
676080.0842,5706181.224,100,6904,0
676084.856,5706162.833,100,6904,0
676089.6278,5706144.442,100,6904,0
676094.3996,5706126.051,100,6904,0
676099.1714,5706107.66,100,6904,0
676103.9432,5706089.269,100,6904,0
676108.7151,5706070.878,100,6904,0
676113.4869,5706052.487,100,6904,0
676118.2587,5706034.096,100,6904,0
676123.0305,5706015.705,100,6904,0
676127.8023,5705997.313,100,6904,0
676132.5741,5705978.922,100,6904,0
676137.3459,5705960.531,100,6904,0
676142.1177,5705942.14,100,6904,0
676146.8896,5705923.749,100,6904,0
676128.6174,5705924.899,101.8055295,6904,0
676110.3453,5705926.05,103.6110591,6904,0
676092.0732,5705927.2,105.4165886,6904,0
676073.8011,5705928.35,107.2221181,6904,0
676055.529,5705929.5,109.0276476,6904,0
676037.2569,5705930.65,110.8331772,6904,0
676018.9848,5705931.8,112.6387067,6904,0
676000.7127,5705932.95,114.4442362,6904,0
675982.4406,5705934.1,116.2497658,6904,0
675964.1684,5705935.25,118.0552953,6904,0
675945.8963,5705936.4,119.8608248,6904,0
675927.6242,5705937.55,121.6663544,6904,0
675909.3521,5705938.701,123.4718839,6904,0
675891.08,5705939.851,125.2774134,6904,0
675872.8079,5705941.001,127.0829429,6904,0
675854.5358,5705942.151,128.8884725,6904,0
675836.2637,5705943.301,130.694002,6904,0
675817.9916,5705944.451,132.4995315,6904,0
675799.7194,5705945.601,134.3050611,6904,0
675781.4473,5705946.751,136.1105906,6904,0
675763.1752,5705947.901,137.9161201,6904,0
675744.9031,5705949.051,139.7216497,6904,0
675726.631,5705950.201,141.5271792,6904,0
675708.3589,5705951.352,143.3327087,6904,0
675690.0868,5705952.502,145.1382382,6904,0
675671.8147,5705953.652,146.9437678,6904,0
675653.5426,5705954.802,148.7492973,6904,0
675635.2704,5705955.952,150.5548268,6904,0
675616.9983,5705957.102,152.3603564,6904,0
675598.7262,5705958.252,154.1658859,6904,1
675580.4541,5705959.402,155.9714154,6904,0
675562.182,5705960.552,157.7769449,6904,0
675543.9099,5705961.702,159.5824745,6904,0
675525.6378,5705962.852,161.388004,6904,0
675507.3657,5705964.003,163.1935335,6904,0
675489.0936,5705965.153,164.9990631,6904,0
675470.8214,5705966.303,166.8045926,6904,0
675452.5493,5705967.453,168.6101221,6904,0
675434.2772,5705968.603,170.4156517,6904,0
675416.0051,5705969.753,172.2211812,6904,0
675397.733,5705970.903,174.0267107,6904,0
675379.4609,5705972.053,175.8322402,6904,0
675361.1888,5705973.203,177.6377698,6904,0
675342.9167,5705974.353,179.4432993,6904,0
675324.6446,5705975.503,181.2488288,6904,0
675306.3724,5705976.654,183.0543584,6904,0
675288.1003,5705977.804,184.8598879,6904,0
675269.8282,5705978.954,186.6654174,6904,0
675251.5561,5705980.104,188.4709469,6904,0
675233.284,5705981.254,190.2764765,6904,0
675215.0119,5705982.404,192.082006,6904,0
675196.7398,5705983.554,193.8875355,6904,0
675178.4677,5705984.704,195.6930651,6904,0
675160.1956,5705985.854,197.4985946,6904,0
675141.9234,5705987.004,199.3041241,6904,0
675123.6513,5705988.155,201.1096537,6904,0
675105.3792,5705989.305,202.9151832,6904,0
675087.1071,5705990.455,204.7207127,6904,0
675068.835,5705991.605,206.5262422,6904,0
675050.5629,5705992.755,208.3317718,6904,0
675032.2908,5705993.905,210.1373013,6904,0
675014.0187,5705995.055,211.9428308,6904,0
674995.7466,5705996.205,213.7483604,6904,0
674977.4744,5705997.355,215.5538899,6904,0
674959.2023,5705998.505,217.3594194,6904,0
674940.9302,5705999.655,219.164949,6904,0
674922.6581,5706000.806,220.9704785,6904,0
674904.386,5706001.956,222.776008,6904,0
674886.1139,5706003.106,224.5815375,6904,0
674867.8418,5706004.256,226.3870671,6904,0
674849.5697,5706005.406,228.1925966,6904,0
674831.2976,5706006.556,229.9981261,6904,0
674813.0254,5706007.706,231.8036557,6904,0
674794.7533,5706008.856,233.6091852,6904,0
674776.4812,5706010.006,235.4147147,6904,0
674758.2091,5706011.156,237.2202442,6904,0
674739.937,5706012.306,239.0257738,6904,0
674721.6649,5706013.457,240.8313033,6904,0
674703.3928,5706014.607,242.6368328,6904,0
674685.1207,5706015.757,244.4423624,6904,0
674666.8486,5706016.907,246.2478919,6904,0
674648.5764,5706018.057,248.0534214,6904,0
674630.3043,5706019.207,249.858951,6904,0
674612.0322,5706020.357,251.6644805,6904,0
674593.7601,5706021.507,253.47001,6904,0
674575.488,5706022.657,255.2755395,6904,0
674557.2159,5706023.807,257.0810691,6904,0
674538.9438,5706024.957,258.8865986,6904,0
674520.6717,5706026.108,260.6921281,6904,0
674502.3996,5706027.258,262.4976577,6904,0
674484.1274,5706028.408,264.3031872,6904,0
674465.8553,5706029.558,266.1087167,6904,0
674447.5832,5706030.708,267.9142462,6904,0
674429.3111,5706031.858,269.7197758,6904,0
674411.039,5706033.008,271.5253053,6904,0
674392.7669,5706034.158,273.3308348,6904,0
674374.4948,5706035.308,275.1363644,6904,0
674356.2227,5706036.458,276.9418939,6904,0
674337.9506,5706037.608,278.7474234,6904,0
674319.6784,5706038.759,280.552953,6904,0
674301.4063,5706039.909,282.3584825,6904,0
674283.1342,5706041.059,284.164012,6904,0
674264.8621,5706042.209,285.9695415,6904,0
674246.59,5706043.359,287.7750711,6904,0
674228.3179,5706044.509,289.5806006,6904,0
674210.0458,5706045.659,291.3861301,6904,0
674191.7737,5706046.809,293.1916597,6904,0
674173.5016,5706047.959,294.9971892,6904,0
674155.2294,5706049.109,296.8027187,6904,0
674136.9573,5706050.259,298.6082483,6904,0
674118.6852,5706051.41,300.4137778,6904,0
674100.4131,5706052.56,302.2193073,6904,0
674082.141,5706053.71,304.0248368,6904,0
674063.8689,5706054.86,305.8303664,6904,0
674045.5968,5706056.01,307.6358959,6904,0
674027.3247,5706057.16,309.4414254,6904,0
674009.0526,5706058.31,311.246955,6904,0
673990.7804,5706059.46,313.0524845,6904,0
673972.5083,5706060.61,314.858014,6904,0
673954.2362,5706061.76,316.6635435,6904,0
673935.9641,5706062.91,318.4690731,6904,0
673917.692,5706064.061,320.2746026,6904,0
673899.4199,5706065.211,322.0801321,6904,0
673881.1478,5706066.361,323.8856617,6904,0
673862.8757,5706067.511,325.6911912,6904,0
673844.6036,5706068.661,327.4967207,6904,0
673826.3315,5706069.811,329.3022503,6904,0
673808.0593,5706070.961,331.1077798,6904,0
673789.7872,5706072.111,332.9133093,6904,0
673771.5151,5706073.261,334.7188388,6904,0

676248.1584,5706291.354,100,5429,0
676249.3634,5706272.392,100,5429,0
676250.5685,5706253.43,100,5429,0
676251.7735,5706234.469,100,5429,0
676252.9786,5706215.507,100,5429,0
676254.1836,5706196.545,100,5429,0
676255.3887,5706177.583,100,5429,0
676256.5937,5706158.622,100,5429,0
676257.7988,5706139.66,100,5429,0
676259.0038,5706120.698,100,5429,0
676260.2089,5706101.736,100,5429,0
676261.414,5706082.775,100,5429,0
676262.619,5706063.813,100,5429,0
676263.8241,5706044.851,100,5429,0
676265.0291,5706025.889,100,5429,0
676266.2342,5706006.928,100,5429,0
676267.4392,5705987.966,100,5429,0
676268.6443,5705969.004,100,5429,0
676269.8493,5705950.042,100,5429,0
676251.258,5705950.537,101.0671521,5429,0
676232.6666,5705951.032,102.1343042,5429,0
676214.0752,5705951.527,103.2014563,5429,0
676195.4838,5705952.022,104.2686084,5429,0
676176.8925,5705952.517,105.3357605,5429,0
676158.3011,5705953.011,106.4029126,5429,0
676139.7097,5705953.506,107.4700647,5429,0
676121.1184,5705954.001,108.5372168,5429,0
676102.527,5705954.496,109.6043689,5429,0
676083.9356,5705954.991,110.671521,5429,0
676065.3442,5705955.486,111.7386731,5429,0
676046.7529,5705955.98,112.8058252,5429,0
676028.1615,5705956.475,113.8729773,5429,0
676009.5701,5705956.97,114.9401294,5429,0
675990.9787,5705957.465,116.0072815,5429,0
675972.3874,5705957.96,117.0744336,5429,0
675953.796,5705958.455,118.1415857,5429,0
675935.2046,5705958.95,119.2087378,5429,0
675916.6133,5705959.444,120.2758899,5429,0
675898.0219,5705959.939,121.343042,5429,0
675879.4305,5705960.434,122.4101941,5429,0
675860.8391,5705960.929,123.4773462,5429,0
675842.2478,5705961.424,124.5444983,5429,0
675823.6564,5705961.919,125.6116504,5429,0
675805.065,5705962.413,126.6788025,5429,0
675786.4736,5705962.908,127.7459546,5429,0
675767.8823,5705963.403,128.8131067,5429,0
675749.2909,5705963.898,129.8802588,5429,1
675730.6995,5705964.393,130.9474109,5429,0
675712.1082,5705964.888,132.014563,5429,0
675693.5168,5705965.382,133.0817151,5429,0
675674.9254,5705965.877,134.1488672,5429,0
675656.334,5705966.372,135.2160193,5429,0
675637.7427,5705966.867,136.2831714,5429,0
675619.1513,5705967.362,137.3503235,5429,0
675600.5599,5705967.857,138.4174756,5429,0
675581.9685,5705968.351,139.4846277,5429,0
675563.3772,5705968.846,140.5517798,5429,0
675544.7858,5705969.341,141.6189319,5429,0
675526.1944,5705969.836,142.686084,5429,0
675507.6031,5705970.331,143.7532361,5429,0
675489.0117,5705970.826,144.8203882,5429,0
675470.4203,5705971.321,145.8875403,5429,0
675451.8289,5705971.815,146.9546924,5429,0
675433.2376,5705972.31,148.0218445,5429,0
675414.6462,5705972.805,149.0889966,5429,0
675396.0548,5705973.3,150.1561487,5429,0
675377.4634,5705973.795,151.2233008,5429,0
675358.8721,5705974.29,152.2904529,5429,0
675340.2807,5705974.784,153.357605,5429,0
675321.6893,5705975.279,154.4247571,5429,0
675303.098,5705975.774,155.4919092,5429,0
675284.5066,5705976.269,156.5590613,5429,0
675265.9152,5705976.764,157.6262134,5429,0
675247.3238,5705977.259,158.6933655,5429,0
675228.7325,5705977.753,159.7605176,5429,0
675210.1411,5705978.248,160.8276697,5429,0
675191.5497,5705978.743,161.8948218,5429,0
675172.9583,5705979.238,162.961974,5429,0
675154.367,5705979.733,164.0291261,5429,0
675135.7756,5705980.228,165.0962782,5429,0
675117.1842,5705980.723,166.1634303,5429,0
675098.5929,5705981.217,167.2305824,5429,0
675080.0015,5705981.712,168.2977345,5429,0
675061.4101,5705982.207,169.3648866,5429,0
675042.8187,5705982.702,170.4320387,5429,0
675024.2274,5705983.197,171.4991908,5429,0
675005.636,5705983.692,172.5663429,5429,0
674987.0446,5705984.186,173.633495,5429,0
674968.4532,5705984.681,174.7006471,5429,0
674949.8619,5705985.176,175.7677992,5429,0
674931.2705,5705985.671,176.8349513,5429,0
674912.6791,5705986.166,177.9021034,5429,0
674894.0878,5705986.661,178.9692555,5429,0
674875.4964,5705987.155,180.0364076,5429,0
674856.905,5705987.65,181.1035597,5429,0
674838.3136,5705988.145,182.1707118,5429,0
674819.7223,5705988.64,183.2378639,5429,0
674801.1309,5705989.135,184.305016,5429,0
674782.5395,5705989.63,185.3721681,5429,0
674763.9481,5705990.124,186.4393202,5429,0
674745.3568,5705990.619,187.5064723,5429,0
674726.7654,5705991.114,188.5736244,5429,0
674708.174,5705991.609,189.6407765,5429,0
674689.5827,5705992.104,190.7079286,5429,0
674670.9913,5705992.599,191.7750807,5429,0
674652.3999,5705993.094,192.8422328,5429,0
674633.8085,5705993.588,193.9093849,5429,0
674615.2172,5705994.083,194.976537,5429,0
674596.6258,5705994.578,196.0436891,5429,0
674578.0344,5705995.073,197.1108412,5429,0
674559.443,5705995.568,198.1779933,5429,0
674540.8517,5705996.063,199.2451454,5429,0
674522.2603,5705996.557,200.3122975,5429,0
674503.6689,5705997.052,201.3794496,5429,0
674485.0776,5705997.547,202.4466017,5429,0
674466.4862,5705998.042,203.5137538,5429,0
674447.8948,5705998.537,204.5809059,5429,0
674429.3034,5705999.032,205.648058,5429,0
674410.7121,5705999.526,206.7152101,5429,0
674392.1207,5706000.021,207.7823622,5429,0
674373.5293,5706000.516,208.8495143,5429,0
674354.9379,5706001.011,209.9166664,5429,0
674336.3466,5706001.506,210.9838185,5429,0
674317.7552,5706002.001,212.0509706,5429,0
674299.1638,5706002.495,213.1181227,5429,0
674280.5725,5706002.99,214.1852748,5429,0
674261.9811,5706003.485,215.2524269,5429,0
674243.3897,5706003.98,216.319579,5429,0
674224.7983,5706004.475,217.3867311,5429,0
674206.207,5706004.97,218.4538832,5429,0
674187.6156,5706005.465,219.5210353,5429,0
674169.0242,5706005.959,220.5881874,5429,0
674150.4328,5706006.454,221.6553395,5429,0
674131.8415,5706006.949,222.7224916,5429,0
674113.2501,5706007.444,223.7896437,5429,0
674094.6587,5706007.939,224.8567958,5429,0
674076.0674,5706008.434,225.9239479,5429,0
674057.476,5706008.928,226.9911,5429,0
674038.8846,5706009.423,228.0582521,5429,0
674020.2932,5706009.918,229.1254042,5429,0
674001.7019,5706010.413,230.1925563,5429,0
673983.1105,5706010.908,231.2597084,5429,0
673964.5191,5706011.403,232.3268605,5429,0
673945.9277,5706011.897,233.3940126,5429,0
673927.3364,5706012.392,234.4611647,5429,0
673908.745,5706012.887,235.5283168,5429,0
673890.1536,5706013.382,236.5954689,5429,0
673871.5623,5706013.877,237.662621,5429,0
673852.9709,5706014.372,238.7297731,5429,0

676248.1584,5706291.354,100,6969,0
676249.3634,5706272.392,100,6969,0
676250.5685,5706253.43,100,6969,0
676251.7735,5706234.469,100,6969,0
676252.9786,5706215.507,100,6969,0
676254.1836,5706196.545,100,6969,0
676255.3887,5706177.583,100,6969,0
676256.5937,5706158.622,100,6969,0
676257.7988,5706139.66,100,6969,0
676259.0038,5706120.698,100,6969,0
676260.2089,5706101.736,100,6969,0
676261.414,5706082.775,100,6969,0
676262.619,5706063.813,100,6969,0
676263.8241,5706044.851,100,6969,0
676265.0291,5706025.889,100,6969,0
676266.2342,5706006.928,100,6969,0
676267.4392,5705987.966,100,6969,0
676268.6443,5705969.004,100,6969,0
676269.8493,5705950.042,100,6969,0
676251.3033,5705950.516,101.1859418,6969,0
676232.7573,5705950.989,102.3718837,6969,0
676214.2113,5705951.462,103.5578255,6969,0
676195.6653,5705951.935,104.7437674,6969,0
676177.1193,5705952.408,105.9297092,6969,0
676158.5733,5705952.882,107.1156511,6969,0
676140.0273,5705953.355,108.3015929,6969,0
676121.4813,5705953.828,109.4875347,6969,0
676102.9353,5705954.301,110.6734766,6969,0
676084.3893,5705954.774,111.8594184,6969,0
676065.8433,5705955.248,113.0453603,6969,0
676047.2973,5705955.721,114.2313021,6969,0
676028.7513,5705956.194,115.4172439,6969,0
676010.2053,5705956.667,116.6031858,6969,0
675991.6593,5705957.14,117.7891276,6969,0
675973.1133,5705957.613,118.9750695,6969,0
675954.5673,5705958.087,120.1610113,6969,0
675936.0213,5705958.56,121.3469532,6969,0
675917.4753,5705959.033,122.532895,6969,0
675898.9293,5705959.506,123.7188368,6969,0
675880.3833,5705959.979,124.9047787,6969,0
675861.8373,5705960.453,126.0907205,6969,0
675843.2913,5705960.926,127.2766624,6969,0
675824.7453,5705961.399,128.4626042,6969,0
675806.1993,5705961.872,129.648546,6969,0
675787.6533,5705962.345,130.8344879,6969,0
675769.1073,5705962.819,132.0204297,6969,0
675750.5613,5705963.292,133.2063716,6969,1
675732.0153,5705963.765,134.3923134,6969,0
675713.4693,5705964.238,135.5782553,6969,0
675694.9232,5705964.711,136.7641971,6969,0
675676.3772,5705965.185,137.9501389,6969,0
675657.8312,5705965.658,139.1360808,6969,0
675639.2852,5705966.131,140.3220226,6969,0
675620.7392,5705966.604,141.5079645,6969,0
675602.1932,5705967.077,142.6939063,6969,0
675583.6472,5705967.551,143.8798481,6969,0
675565.1012,5705968.024,145.06579,6969,0
675546.5552,5705968.497,146.2517318,6969,0
675528.0092,5705968.97,147.4376737,6969,0
675509.4632,5705969.443,148.6236155,6969,0
675490.9172,5705969.917,149.8095574,6969,0
675472.3712,5705970.39,150.9954992,6969,0
675453.8252,5705970.863,152.181441,6969,0
675435.2792,5705971.336,153.3673829,6969,0
675416.7332,5705971.809,154.5533247,6969,0
675398.1872,5705972.282,155.7392666,6969,0
675379.6412,5705972.756,156.9252084,6969,0
675361.0952,5705973.229,158.1111503,6969,0
675342.5492,5705973.702,159.2970921,6969,0
675324.0032,5705974.175,160.4830339,6969,0
675305.4572,5705974.648,161.6689758,6969,0
675286.9112,5705975.122,162.8549176,6969,0
675268.3652,5705975.595,164.0408595,6969,0
675249.8192,5705976.068,165.2268013,6969,0
675231.2732,5705976.541,166.4127431,6969,0
675212.7272,5705977.014,167.598685,6969,0
675194.1812,5705977.488,168.7846268,6969,0
675175.6352,5705977.961,169.9705687,6969,0
675157.0892,5705978.434,171.1565105,6969,0
675138.5432,5705978.907,172.3424524,6969,0
675119.9972,5705979.38,173.5283942,6969,0
675101.4512,5705979.854,174.714336,6969,0
675082.9052,5705980.327,175.9002779,6969,0
675064.3592,5705980.8,177.0862197,6969,0
675045.8132,5705981.273,178.2721616,6969,0
675027.2672,5705981.746,179.4581034,6969,0
675008.7211,5705982.22,180.6440452,6969,0
674990.1751,5705982.693,181.8299871,6969,0
674971.6291,5705983.166,183.0159289,6969,0
674953.0831,5705983.639,184.2018708,6969,0
674934.5371,5705984.112,185.3878126,6969,0
674915.9911,5705984.586,186.5737545,6969,0
674897.4451,5705985.059,187.7596963,6969,0
674878.8991,5705985.532,188.9456381,6969,0
674860.3531,5705986.005,190.13158,6969,0
674841.8071,5705986.478,191.3175218,6969,0
674823.2611,5705986.952,192.5034637,6969,0
674804.7151,5705987.425,193.6894055,6969,0
674786.1691,5705987.898,194.8753474,6969,0
674767.6231,5705988.371,196.0612892,6969,0
674749.0771,5705988.844,197.247231,6969,0
674730.5311,5705989.317,198.4331729,6969,0
674711.9851,5705989.791,199.6191147,6969,0
674693.4391,5705990.264,200.8050566,6969,0
674674.8931,5705990.737,201.9909984,6969,0
674656.3471,5705991.21,203.1769402,6969,0
674637.8011,5705991.683,204.3628821,6969,0
674619.2551,5705992.157,205.5488239,6969,0
674600.7091,5705992.63,206.7347658,6969,0
674582.1631,5705993.103,207.9207076,6969,0
674563.6171,5705993.576,209.1066495,6969,0
674545.0711,5705994.049,210.2925913,6969,0
674526.5251,5705994.523,211.4785331,6969,0
674507.9791,5705994.996,212.664475,6969,0
674489.4331,5705995.469,213.8504168,6969,0
674470.8871,5705995.942,215.0363587,6969,0
674452.3411,5705996.415,216.2223005,6969,0
674433.7951,5705996.889,217.4082423,6969,0
674415.2491,5705997.362,218.5941842,6969,0
674396.7031,5705997.835,219.780126,6969,0
674378.1571,5705998.308,220.9660679,6969,0
674359.6111,5705998.781,222.1520097,6969,0
674341.0651,5705999.255,223.3379516,6969,0
674322.519,5705999.728,224.5238934,6969,0
674303.973,5706000.201,225.7098352,6969,0
674285.427,5706000.674,226.8957771,6969,0
674266.881,5706001.147,228.0817189,6969,0
674248.335,5706001.621,229.2676608,6969,0
674229.789,5706002.094,230.4536026,6969,0
674211.243,5706002.567,231.6395444,6969,0
674192.697,5706003.04,232.8254863,6969,0
674174.151,5706003.513,234.0114281,6969,0
674155.605,5706003.986,235.19737,6969,0
674137.059,5706004.46,236.3833118,6969,0
674118.513,5706004.933,237.5692537,6969,0
674099.967,5706005.406,238.7551955,6969,0
674081.421,5706005.879,239.9411373,6969,0
674062.875,5706006.352,241.1270792,6969,0
674044.329,5706006.826,242.313021,6969,0
674025.783,5706007.299,243.4989629,6969,0
674007.237,5706007.772,244.6849047,6969,0
673988.691,5706008.245,245.8708466,6969,0
673970.145,5706008.718,247.0567884,6969,0
673951.599,5706009.192,248.2427302,6969,0
673933.053,5706009.665,249.4286721,6969,0
673914.507,5706010.138,250.6146139,6969,0
673895.961,5706010.611,251.8005558,6969,0
673877.415,5706011.084,252.9864976,6969,0
673858.869,5706011.558,254.1724394,6969,0

14