697304.3834,5669896.232,100,9621,1,0
697293.6093,5669911.882,100,9621,1,0
697282.8351,5669927.531,100,9621,1,0
697272.061,5669943.181,100,9621,1,0
697261.2868,5669958.831,100,9621,1,0
697250.5127,5669974.481,100,9621,1,0
697239.7386,5669990.131,100,9621,1,0
697228.9644,5670005.781,100,9621,1,0
697218.1903,5670021.431,100,9621,1,0
697207.4162,5670037.08,100,9621,1,0
697196.642,5670052.73,100,9621,1,0
697185.8679,5670068.38,100,9621,1,0
697175.0937,5670084.03,100,9621,1,0
697164.3196,5670099.68,100,9621,1,0
697153.5455,5670115.33,100,9621,1,0
697142.7713,5670130.98,100,9621,1,0
697131.9972,5670146.629,100,9621,1,0
697121.2231,5670162.279,100,9621,1,0
697110.4489,5670177.929,100,9621,1,0
697099.6748,5670193.579,100,9621,1,0
697088.9006,5670209.229,100,9621,1,0
697078.1265,5670224.879,100,9621,1,0
697067.3524,5670240.529,100,9621,1,0
697084.9095,5670242.971,103.2067589,9621,1,0
697102.4666,5670245.413,106.4135178,9621,1,0
697120.0237,5670247.855,109.6202767,9621,1,0
697137.5808,5670250.297,112.8270357,9621,1,0
697155.138,5670252.739,116.0337946,9621,1,0
697172.6951,5670255.181,119.2405535,9621,1,0
697190.2522,5670257.623,122.4473124,9621,1,0
697207.8093,5670260.065,125.6540713,9621,1,0
697225.3664,5670262.507,128.8608302,9621,1,0
697242.9235,5670264.949,132.0675891,9621,1,0
697260.4806,5670267.391,135.274348,9621,1,0
697278.0378,5670269.833,138.481107,9621,1,0
697295.5949,5670272.275,141.6878659,9621,1,0
697313.152,5670274.717,144.8946248,9621,1,0
697330.7091,5670277.159,148.1013837,9621,1,0
697348.2662,5670279.601,151.3081426,9621,1,0
697365.8233,5670282.043,154.5149015,9621,1,0
697383.3805,5670284.485,157.7216604,9621,1,0
697400.9376,5670286.927,160.9284193,9621,1,0
697418.4947,5670289.369,164.1351783,9621,1,0
697436.0518,5670291.811,167.3419372,9621,1,0
697453.6089,5670294.254,170.5486961,9621,1,0
697471.166,5670296.696,173.755455,9621,1,0
697488.7232,5670299.138,176.9622139,9621,1,0
697506.2803,5670301.58,180.1689728,9621,1,0
697523.8374,5670304.022,183.3757317,9621,1,0
697541.3945,5670306.464,186.5824906,9621,1,1
697558.9516,5670308.906,189.7892496,9621,1,0
697576.5087,5670311.348,192.9960085,9621,1,0
697594.0659,5670313.79,196.2027674,9621,1,0
697611.623,5670316.232,199.4095263,9621,1,0
697629.1801,5670318.674,202.6162852,9621,1,0
697646.7372,5670321.116,205.8230441,9621,1,0
697664.2943,5670323.558,209.029803,9621,1,0
697681.8514,5670326,212.2365619,9621,1,0
697699.4086,5670328.442,215.4433209,9621,1,0
697716.9657,5670330.884,218.6500798,9621,1,0
697734.5228,5670333.326,221.8568387,9621,1,0
697752.0799,5670335.768,225.0635976,9621,1,0
697769.637,5670338.21,228.2703565,9621,1,0
697787.1941,5670340.652,231.4771154,9621,1,0
697804.7513,5670343.094,234.6838743,9621,1,0
697822.3084,5670345.537,237.8906332,9621,1,0
697839.8655,5670347.979,241.0973922,9621,1,0
697857.4226,5670350.421,244.3041511,9621,1,0
697874.9797,5670352.863,247.51091,9621,1,0
697892.5368,5670355.305,250.7176689,9621,1,0
697910.0939,5670357.747,253.9244278,9621,1,0
697927.6511,5670360.189,257.1311867,9621,1,0
697945.2082,5670362.631,260.3379456,9621,1,0
697962.7653,5670365.073,263.5447045,9621,1,0
697980.3224,5670367.515,266.7514635,9621,1,0
697997.8795,5670369.957,269.9582224,9621,1,0
698015.4366,5670372.399,273.1649813,9621,1,0
698032.9938,5670374.841,276.3717402,9621,1,0
698050.5509,5670377.283,279.5784991,9621,1,0
698068.108,5670379.725,282.785258,9621,1,0
698085.6651,5670382.167,285.9920169,9621,1,0
698103.2222,5670384.609,289.1987759,9621,1,0
698120.7793,5670387.051,292.4055348,9621,1,0
698138.3365,5670389.493,295.6122937,9621,1,0
698155.8936,5670391.935,298.8190526,9621,1,0
698173.4507,5670394.377,302.0258115,9621,1,0
698191.0078,5670396.82,305.2325704,9621,1,0
698208.5649,5670399.262,308.4393293,9621,1,0
698226.122,5670401.704,311.6460882,9621,1,0
698243.6792,5670404.146,314.8528472,9621,1,0
698261.2363,5670406.588,318.0596061,9621,1,0
698278.7934,5670409.03,321.266365,9621,1,0
698296.3505,5670411.472,324.4731239,9621,1,0
698313.9076,5670413.914,327.6798828,9621,1,0
698331.4647,5670416.356,330.8866417,9621,1,0
698349.0219,5670418.798,334.0934006,9621,1,0

697197.7705,5669826.908,100,5656,1,0
697189.0642,5669843.796,100,5656,1,0
697180.3579,5669860.684,100,5656,1,0
697171.6516,5669877.572,100,5656,1,0
697162.9453,5669894.459,100,5656,1,0
697154.239,5669911.347,100,5656,1,0
697145.5327,5669928.235,100,5656,1,0
697136.8264,5669945.123,100,5656,1,0
697128.1201,5669962.011,100,5656,1,0
697119.4138,5669978.899,100,5656,1,0
697110.7075,5669995.787,100,5656,1,0
697102.0012,5670012.675,100,5656,1,0
697093.2949,5670029.562,100,5656,1,0
697084.5886,5670046.45,100,5656,1,0
697075.8823,5670063.338,100,5656,1,0
697067.1759,5670080.226,100,5656,1,0
697058.4696,5670097.114,100,5656,1,0
697049.7633,5670114.002,100,5656,1,0
697041.057,5670130.89,100,5656,1,0
697032.3507,5670147.778,100,5656,1,0
697023.6444,5670164.665,100,5656,1,0
697014.9381,5670181.553,100,5656,1,0
697006.2318,5670198.441,100,5656,1,0
697023.8273,5670201.761,102.7860455,5656,1,0
697041.4229,5670205.081,105.5720911,5656,1,0
697059.0184,5670208.401,108.3581366,5656,1,0
697076.6139,5670211.721,111.1441822,5656,1,0
697094.2094,5670215.04,113.9302277,5656,1,0
697111.8049,5670218.36,116.7162733,5656,1,0
697129.4004,5670221.68,119.5023188,5656,1,0
697146.9959,5670225,122.2883644,5656,1,0
697164.5915,5670228.32,125.0744099,5656,1,0
697182.187,5670231.64,127.8604555,5656,1,0
697199.7825,5670234.96,130.646501,5656,1,0
697217.378,5670238.279,133.4325466,5656,1,0
697234.9735,5670241.599,136.2185921,5656,1,0
697252.569,5670244.919,139.0046377,5656,1,0
697270.1645,5670248.239,141.7906832,5656,1,0
697287.7601,5670251.559,144.5767288,5656,1,0
697305.3556,5670254.879,147.3627743,5656,1,0
697322.9511,5670258.199,150.1488199,5656,1,0
697340.5466,5670261.518,152.9348654,5656,1,0
697358.1421,5670264.838,155.720911,5656,1,0
697375.7376,5670268.158,158.5069565,5656,1,0
697393.3331,5670271.478,161.2930021,5656,1,0
697410.9287,5670274.798,164.0790476,5656,1,0
697428.5242,5670278.118,166.8650932,5656,1,0
697446.1197,5670281.438,169.6511387,5656,1,0
697463.7152,5670284.757,172.4371843,5656,1,1
697481.3107,5670288.077,175.2232298,5656,1,0
697498.9062,5670291.397,178.0092754,5656,1,0
697516.5017,5670294.717,180.7953209,5656,1,0
697534.0973,5670298.037,183.5813664,5656,1,0
697551.6928,5670301.357,186.367412,5656,1,0
697569.2883,5670304.677,189.1534575,5656,1,0
697586.8838,5670307.996,191.9395031,5656,1,0
697604.4793,5670311.316,194.7255486,5656,1,0
697622.0748,5670314.636,197.5115942,5656,1,0
697639.6703,5670317.956,200.2976397,5656,1,0
697657.2659,5670321.276,203.0836853,5656,1,0
697674.8614,5670324.596,205.8697308,5656,1,0
697692.4569,5670327.916,208.6557764,5656,1,0
697710.0524,5670331.235,211.4418219,5656,1,0
697727.6479,5670334.555,214.2278675,5656,1,0
697745.2434,5670337.875,217.013913,5656,1,0
697762.8389,5670341.195,219.7999586,5656,1,0
697780.4345,5670344.515,222.5860041,5656,1,0
697798.03,5670347.835,225.3720497,5656,1,0
697815.6255,5670351.155,228.1580952,5656,1,0
697833.221,5670354.474,230.9441408,5656,1,0
697850.8165,5670357.794,233.7301863,5656,1,0
697868.412,5670361.114,236.5162319,5656,1,0
697886.0075,5670364.434,239.3022774,5656,1,0
697903.6031,5670367.754,242.088323,5656,1,0
697921.1986,5670371.074,244.8743685,5656,1,0
697938.7941,5670374.393,247.6604141,5656,1,0
697956.3896,5670377.713,250.4464596,5656,1,0
697973.9851,5670381.033,253.2325052,5656,1,0
697991.5806,5670384.353,256.0185507,5656,1,0
698009.1762,5670387.673,258.8045962,5656,1,0
698026.7717,5670390.993,261.5906418,5656,1,0
698044.3672,5670394.313,264.3766873,5656,1,0
698061.9627,5670397.632,267.1627329,5656,1,0
698079.5582,5670400.952,269.9487784,5656,1,0
698097.1537,5670404.272,272.734824,5656,1,0
698114.7492,5670407.592,275.5208695,5656,1,0
698132.3448,5670410.912,278.3069151,5656,1,0
698149.9403,5670414.232,281.0929606,5656,1,0
698167.5358,5670417.552,283.8790062,5656,1,0
698185.1313,5670420.871,286.6650517,5656,1,0
698202.7268,5670424.191,289.4510973,5656,1,0
698220.3223,5670427.511,292.2371428,5656,1,0
698237.9178,5670430.831,295.0231884,5656,1,0
698255.5134,5670434.151,297.8092339,5656,1,0
698273.1089,5670437.471,300.5952795,5656,1,0
698290.7044,5670440.791,303.381325,5656,1,0

697197.7705,5669826.908,100,6813,1,0
697189.0642,5669843.796,100,6813,1,0
697180.3579,5669860.684,100,6813,1,0
697171.6516,5669877.572,100,6813,1,0
697162.9453,5669894.459,100,6813,1,0
697154.239,5669911.347,100,6813,1,0
697145.5327,5669928.235,100,6813,1,0
697136.8264,5669945.123,100,6813,1,0
697128.1201,5669962.011,100,6813,1,0
697119.4138,5669978.899,100,6813,1,0
697134.7458,5669987.893,103.0928631,6813,1,0
697150.0779,5669996.887,106.1857262,6813,1,0
697165.4099,5670005.88,109.2785893,6813,1,0
697180.742,5670014.874,112.3714524,6813,1,0
697196.0741,5670023.868,115.4643155,6813,1,0
697211.4061,5670032.862,118.5571786,6813,1,0
697226.7382,5670041.856,121.6500417,6813,1,0
697242.0702,5670050.85,124.7429048,6813,1,0
697257.4023,5670059.843,127.8357679,6813,1,0
697272.7343,5670068.837,130.928631,6813,1,0
697288.0664,5670077.831,134.0214941,6813,1,0
697303.3985,5670086.825,137.1143571,6813,1,0
697318.7305,5670095.819,140.2072202,6813,1,0
697334.0626,5670104.812,143.3000833,6813,1,0
697349.3946,5670113.806,146.3929464,6813,1,0
697364.7267,5670122.8,149.4858095,6813,1,0
697380.0587,5670131.794,152.5786726,6813,1,0
697395.3908,5670140.788,155.6715357,6813,1,0
697410.7229,5670149.782,158.7643988,6813,1,0
697426.0549,5670158.775,161.8572619,6813,1,0
697441.387,5670167.769,164.950125,6813,1,0
697456.719,5670176.763,168.0429881,6813,1,0
697472.0511,5670185.757,171.1358512,6813,1,0
697487.3831,5670194.751,174.2287143,6813,1,0
697502.7152,5670203.745,177.3215774,6813,1,0
697518.0472,5670212.738,180.4144405,6813,1,0
697533.3793,5670221.732,183.5073036,6813,1,0
697548.7114,5670230.726,186.6001667,6813,1,0
697564.0434,5670239.72,189.6930298,6813,1,0
697579.3755,5670248.714,192.7858929,6813,1,0
697594.7075,5670257.708,195.878756,6813,1,0
697610.0396,5670266.701,198.9716191,6813,1,0
697625.3716,5670275.695,202.0644822,6813,1,0
697640.7037,5670284.689,205.1573453,6813,1,0
697656.0358,5670293.683,208.2502083,6813,1,0
697671.3678,5670302.677,211.3430714,6813,1,0
697686.6999,5670311.671,214.4359345,6813,1,0
697702.0319,5670320.664,217.5287976,6813,1,0
697717.364,5670329.658,220.6216607,6813,1,0
697732.696,5670338.652,223.7145238,6813,1,0
697748.0281,5670347.646,226.8073869,6813,1,0
697763.3602,5670356.64,229.90025,6813,1,0
697778.6922,5670365.634,232.9931131,6813,1,1
697794.0243,5670374.627,236.0859762,6813,1,0
697809.3563,5670383.621,239.1788393,6813,1,0
697824.6884,5670392.615,242.2717024,6813,1,0
697840.0204,5670401.609,245.3645655,6813,1,0
697855.3525,5670410.603,248.4574286,6813,1,0
697870.6846,5670419.597,251.5502917,6813,1,0
697886.0166,5670428.59,254.6431548,6813,1,0
697901.3487,5670437.584,257.7360179,6813,1,0
697916.6807,5670446.578,260.828881,6813,1,0
697932.0128,5670455.572,263.9217441,6813,1,0
697947.3448,5670464.566,267.0146072,6813,1,0
697962.6769,5670473.56,270.1074703,6813,1,0
697978.009,5670482.553,273.2003334,6813,1,0
697993.341,5670491.547,276.2931965,6813,1,0
698008.6731,5670500.541,279.3860595,6813,1,0
698024.0051,5670509.535,282.4789226,6813,1,0
698039.3372,5670518.529,285.5717857,6813,1,0
698054.6692,5670527.523,288.6646488,6813,1,0
698070.0013,5670536.516,291.7575119,6813,1,0
698085.3334,5670545.51,294.850375,6813,1,0
698100.6654,5670554.504,297.9432381,6813,1,0
698115.9975,5670563.498,301.0361012,6813,1,0
698131.3295,5670572.492,304.1289643,6813,1,0
698146.6616,5670581.486,307.2218274,6813,1,0
698161.9936,5670590.479,310.3146905,6813,1,0
698177.3257,5670599.473,313.4075536,6813,1,0
698192.6577,5670608.467,316.5004167,6813,1,0
698207.9898,5670617.461,319.5932798,6813,1,0
698223.3219,5670626.455,322.6861429,6813,1,0
698238.6539,5670635.449,325.779006,6813,1,0
698253.986,5670644.442,328.8718691,6813,1,0
698269.318,5670653.436,331.9647322,6813,1,0
698284.6501,5670662.43,335.0575953,6813,1,0
698299.9821,5670671.424,338.1504584,6813,1,0
698315.3142,5670680.418,341.2433215,6813,1,0
698330.6463,5670689.412,344.3361846,6813,1,0
698345.9783,5670698.405,347.4290477,6813,1,0
698361.3104,5670707.399,350.5219107,6813,1,0
698376.6424,5670716.393,353.6147738,6813,1,0
698391.9745,5670725.387,356.7076369,6813,1,0
698407.3065,5670734.381,359.8005,6813,1,0
698422.6386,5670743.375,362.8933631,6813,1,0
698437.9707,5670752.368,365.9862262,6813,1,0

696900.5668,5669716.804,100,6384,1,0
696897.5647,5669735.565,100,6384,1,0
696894.5627,5669754.326,100,6384,1,0
696891.5607,5669773.088,100,6384,1,0
696905.7093,5669784.663,101.8758124,6384,1,0
696919.8579,5669796.238,103.7516249,6384,1,0
696934.0066,5669807.813,105.6274373,6384,1,0
696948.1552,5669819.387,107.5032497,6384,1,0
696962.3038,5669830.962,109.3790622,6384,1,0
696976.4524,5669842.537,111.2548746,6384,1,0
696990.6011,5669854.112,113.130687,6384,1,0
697004.7497,5669865.687,115.0064995,6384,1,0
697018.8983,5669877.262,116.8823119,6384,1,0
697033.0469,5669888.837,118.7581243,6384,1,0
697047.1956,5669900.412,120.6339367,6384,1,0
697061.3442,5669911.987,122.5097492,6384,1,0
697075.4928,5669923.562,124.3855616,6384,1,0
697089.6414,5669935.137,126.261374,6384,1,0
697103.7901,5669946.712,128.1371865,6384,1,0
697117.9387,5669958.287,130.0129989,6384,1,0
697132.0873,5669969.862,131.8888113,6384,1,0
697146.2359,5669981.437,133.7646238,6384,1,0
697160.3846,5669993.012,135.6404362,6384,1,0
697174.5332,5670004.587,137.5162486,6384,1,0
697188.6818,5670016.162,139.3920611,6384,1,0
697202.8304,5670027.737,141.2678735,6384,1,0
697216.9791,5670039.312,143.1436859,6384,1,0
697231.1277,5670050.887,145.0194984,6384,1,0
697245.2763,5670062.462,146.8953108,6384,1,0
697259.4249,5670074.037,148.7711232,6384,1,0
697273.5735,5670085.612,150.6469356,6384,1,0
697287.7222,5670097.187,152.5227481,6384,1,0
697301.8708,5670108.762,154.3985605,6384,1,0
697316.0194,5670120.337,156.2743729,6384,1,0
697330.168,5670131.912,158.1501854,6384,1,0
697344.3167,5670143.487,160.0259978,6384,1,0
697358.4653,5670155.062,161.9018102,6384,1,0
697372.6139,5670166.637,163.7776227,6384,1,0
697386.7625,5670178.212,165.6534351,6384,1,0
697400.9112,5670189.787,167.5292475,6384,1,0
697415.0598,5670201.362,169.40506,6384,1,0
697429.2084,5670212.937,171.2808724,6384,1,0
697443.357,5670224.511,173.1566848,6384,1,0
697457.5057,5670236.086,175.0324973,6384,1,0
697471.6543,5670247.661,176.9083097,6384,1,0
697485.8029,5670259.236,178.7841221,6384,1,0
697499.9515,5670270.811,180.6599345,6384,1,0
697514.1002,5670282.386,182.535747,6384,1,0
697528.2488,5670293.961,184.4115594,6384,1,0
697542.3974,5670305.536,186.2873718,6384,1,1
697556.546,5670317.111,188.1631843,6384,1,0
697570.6947,5670328.686,190.0389967,6384,1,0
697584.8433,5670340.261,191.9148091,6384,1,0
697598.9919,5670351.836,193.7906216,6384,1,0
697613.1405,5670363.411,195.666434,6384,1,0
697627.2892,5670374.986,197.5422464,6384,1,0
697641.4378,5670386.561,199.4180589,6384,1,0
697655.5864,5670398.136,201.2938713,6384,1,0
697669.735,5670409.711,203.1696837,6384,1,0
697683.8837,5670421.286,205.0454962,6384,1,0
697698.0323,5670432.861,206.9213086,6384,1,0
697712.1809,5670444.436,208.797121,6384,1,0
697726.3295,5670456.011,210.6729335,6384,1,0
697740.4782,5670467.586,212.5487459,6384,1,0
697754.6268,5670479.161,214.4245583,6384,1,0
697768.7754,5670490.736,216.3003707,6384,1,0
697782.924,5670502.311,218.1761832,6384,1,0
697797.0727,5670513.886,220.0519956,6384,1,0
697811.2213,5670525.461,221.927808,6384,1,0
697825.3699,5670537.036,223.8036205,6384,1,0
697839.5185,5670548.611,225.6794329,6384,1,0
697853.6672,5670560.186,227.5552453,6384,1,0
697867.8158,5670571.761,229.4310578,6384,1,0
697881.9644,5670583.336,231.3068702,6384,1,0
697896.113,5670594.911,233.1826826,6384,1,0
697910.2617,5670606.486,235.0584951,6384,1,0
697924.4103,5670618.06,236.9343075,6384,1,0
697938.5589,5670629.635,238.8101199,6384,1,0
697952.7075,5670641.21,240.6859324,6384,1,0
697966.8562,5670652.785,242.5617448,6384,1,0
697981.0048,5670664.36,244.4375572,6384,1,0
697995.1534,5670675.935,246.3133696,6384,1,0
698009.302,5670687.51,248.1891821,6384,1,0
698023.4507,5670699.085,250.0649945,6384,1,0
698037.5993,5670710.66,251.9408069,6384,1,0
698051.7479,5670722.235,253.8166194,6384,1,0
698065.8965,5670733.81,255.6924318,6384,1,0
698080.0452,5670745.385,257.5682442,6384,1,0
698094.1938,5670756.96,259.4440567,6384,1,0
698108.3424,5670768.535,261.3198691,6384,1,0
698122.491,5670780.11,263.1956815,6384,1,0
698136.6397,5670791.685,265.071494,6384,1,0
698150.7883,5670803.26,266.9473064,6384,1,0
698164.9369,5670814.835,268.8231188,6384,1,0
698179.0855,5670826.41,270.6989313,6384,1,0
698193.2342,5670837.985,272.5747437,6384,1,0

696837.7714,5669706.357,100,1583,1,0
696835.9653,5669725.271,100,1583,1,0
696834.1592,5669744.185,100,1583,1,0
696832.3532,5669763.099,100,1583,1,0
696830.5471,5669782.013,100,1583,1,0
696828.741,5669800.927,100,1583,1,0
696826.935,5669819.841,100,1583,1,0
696825.1289,5669838.755,100,1583,1,0
696823.3228,5669857.669,100,1583,1,0
696821.5168,5669876.583,100,1583,1,0
696819.7107,5669895.497,100,1583,1,0
696817.9047,5669914.411,100,1583,1,0
696816.0986,5669933.325,100,1583,1,0
696814.2925,5669952.239,100,1583,1,0
696812.4865,5669971.153,100,1583,1,0
696810.6804,5669990.067,100,1583,1,0
696808.8743,5670008.981,100,1583,1,0
696807.0683,5670027.895,100,1583,1,0
696805.2622,5670046.809,100,1583,1,0
696803.4561,5670065.723,100,1583,1,0
696801.6501,5670084.637,100,1583,1,0
696799.844,5670103.551,100,1583,1,0
696798.0379,5670122.465,100,1583,1,0
696796.2319,5670141.379,100,1583,1,0
696794.4258,5670160.293,100,1583,1,0
696792.6197,5670179.207,100,1583,1,0
696811.2018,5670180.796,100.9320596,1583,1,0
696829.7839,5670182.385,101.8641193,1583,1,0
696848.3659,5670183.974,102.7961789,1583,1,0
696866.948,5670185.563,103.7282385,1583,1,0
696885.53,5670187.152,104.6602982,1583,1,0
696904.1121,5670188.741,105.5923578,1583,1,0
696922.6941,5670190.33,106.5244174,1583,1,0
696941.2762,5670191.919,107.4564771,1583,1,0
696959.8582,5670193.508,108.3885367,1583,1,0
696978.4403,5670195.097,109.3205963,1583,1,0
696997.0224,5670196.686,110.252656,1583,1,0
697015.6044,5670198.275,111.1847156,1583,1,0
697034.1865,5670199.864,112.1167752,1583,1,0
697052.7685,5670201.453,113.0488349,1583,1,0
697071.3506,5670203.042,113.9808945,1583,1,0
697089.9326,5670204.631,114.9129541,1583,1,0
697108.5147,5670206.22,115.8450138,1583,1,0
697127.0968,5670207.81,116.7770734,1583,1,0
697145.6788,5670209.399,117.709133,1583,1,1
697164.2609,5670210.988,118.6411927,1583,1,0
697182.8429,5670212.577,119.5732523,1583,1,0
697201.425,5670214.166,120.5053119,1583,1,0
697220.007,5670215.755,121.4373716,1583,1,0
697238.5891,5670217.344,122.3694312,1583,1,0
697257.1711,5670218.933,123.3014908,1583,1,0
697275.7532,5670220.522,124.2335505,1583,1,0
697294.3353,5670222.111,125.1656101,1583,1,0
697312.9173,5670223.7,126.0976698,1583,1,0
697331.4994,5670225.289,127.0297294,1583,1,0
697350.0814,5670226.878,127.961789,1583,1,0
697368.6635,5670228.467,128.8938487,1583,1,0
697387.2455,5670230.056,129.8259083,1583,1,0
697405.8276,5670231.645,130.7579679,1583,1,0
697424.4096,5670233.234,131.6900276,1583,1,0
697442.9917,5670234.823,132.6220872,1583,1,0
697461.5738,5670236.412,133.5541468,1583,1,0
697480.1558,5670238.002,134.4862065,1583,1,0
697498.7379,5670239.591,135.4182661,1583,1,0
697517.3199,5670241.18,136.3503257,1583,1,0
697535.902,5670242.769,137.2823854,1583,1,0
697554.484,5670244.358,138.214445,1583,1,0
697573.0661,5670245.947,139.1465046,1583,1,0
697591.6481,5670247.536,140.0785643,1583,1,0
697610.2302,5670249.125,141.0106239,1583,1,0
697628.8123,5670250.714,141.9426835,1583,1,0
697647.3943,5670252.303,142.8747432,1583,1,0
697665.9764,5670253.892,143.8068028,1583,1,0
697684.5584,5670255.481,144.7388624,1583,1,0
697703.1405,5670257.07,145.6709221,1583,1,0
697721.7225,5670258.659,146.6029817,1583,1,0
697740.3046,5670260.248,147.5350413,1583,1,0
697758.8866,5670261.837,148.467101,1583,1,0
697777.4687,5670263.426,149.3991606,1583,1,0
697796.0508,5670265.015,150.3312202,1583,1,0
697814.6328,5670266.604,151.2632799,1583,1,0
697833.2149,5670268.194,152.1953395,1583,1,0
697851.7969,5670269.783,153.1273991,1583,1,0
697870.379,5670271.372,154.0594588,1583,1,0
697888.961,5670272.961,154.9915184,1583,1,0
697907.5431,5670274.55,155.923578,1583,1,0
697926.1251,5670276.139,156.8556377,1583,1,0
697944.7072,5670277.728,157.7876973,1583,1,0
697963.2893,5670279.317,158.7197569,1583,1,0
697981.8713,5670280.906,159.6518166,1583,1,0
698000.4534,5670282.495,160.5838762,1583,1,0
698019.0354,5670284.084,161.5159358,1583,1,0
698037.6175,5670285.673,162.4479955,1583,1,0
698056.1995,5670287.262,163.3800551,1583,1,0
698074.7816,5670288.851,164.3121147,1583,1,0
698093.3636,5670290.44,165.2441744,1583,1,0

696837.7714,5669706.357,100,8044,1,0
696835.9653,5669725.271,100,8044,1,0
696834.1592,5669744.185,100,8044,1,0
696832.3532,5669763.099,100,8044,1,0
696830.5471,5669782.013,100,8044,1,0
696828.741,5669800.927,100,8044,1,0
696826.935,5669819.841,100,8044,1,0
696825.1289,5669838.755,100,8044,1,0
696823.3228,5669857.669,100,8044,1,0
696821.5168,5669876.583,100,8044,1,0
696819.7107,5669895.497,100,8044,1,0
696817.9047,5669914.411,100,8044,1,0
696816.0986,5669933.325,100,8044,1,0
696814.2925,5669952.239,100,8044,1,0
696812.4865,5669971.153,100,8044,1,0
696810.6804,5669990.067,100,8044,1,0
696808.8743,5670008.981,100,8044,1,0
696807.0683,5670027.895,100,8044,1,0
696805.2622,5670046.809,100,8044,1,0
696803.4561,5670065.723,100,8044,1,0
696801.6501,5670084.637,100,8044,1,0
696799.844,5670103.551,100,8044,1,0
696798.0379,5670122.465,100,8044,1,0
696796.2319,5670141.379,100,8044,1,0
696794.4258,5670160.293,100,8044,1,0
696792.6197,5670179.207,100,8044,1,0
696811.251,5670180.829,100.7963416,8044,1,0
696829.8822,5670182.451,101.5926831,8044,1,0
696848.5134,5670184.073,102.3890247,8044,1,0
696867.1446,5670185.696,103.1853663,8044,1,0
696885.7759,5670187.318,103.9817078,8044,1,0
696904.4071,5670188.94,104.7780494,8044,1,0
696923.0383,5670190.563,105.5743909,8044,1,0
696941.6695,5670192.185,106.3707325,8044,1,0
696960.3008,5670193.807,107.1670741,8044,1,0
696978.932,5670195.429,107.9634156,8044,1,0
696997.5632,5670197.052,108.7597572,8044,1,0
697016.1944,5670198.674,109.5560988,8044,1,0
697034.8257,5670200.296,110.3524403,8044,1,0
697053.4569,5670201.919,111.1487819,8044,1,0
697072.0881,5670203.541,111.9451234,8044,1,0
697090.7193,5670205.163,112.741465,8044,1,0
697109.3506,5670206.786,113.5378066,8044,1,0
697127.9818,5670208.408,114.3341481,8044,1,0
697146.613,5670210.03,115.1304897,8044,1,1
697165.2442,5670211.652,115.9268313,8044,1,0
697183.8755,5670213.275,116.7231728,8044,1,0
697202.5067,5670214.897,117.5195144,8044,1,0
697221.1379,5670216.519,118.315856,8044,1,0
697239.7691,5670218.142,119.1121975,8044,1,0
697258.4004,5670219.764,119.9085391,8044,1,0
697277.0316,5670221.386,120.7048806,8044,1,0
697295.6628,5670223.008,121.5012222,8044,1,0
697314.2941,5670224.631,122.2975638,8044,1,0
697332.9253,5670226.253,123.0939053,8044,1,0
697351.5565,5670227.875,123.8902469,8044,1,0
697370.1877,5670229.498,124.6865885,8044,1,0
697388.819,5670231.12,125.48293,8044,1,0
697407.4502,5670232.742,126.2792716,8044,1,0
697426.0814,5670234.365,127.0756132,8044,1,0
697444.7126,5670235.987,127.8719547,8044,1,0
697463.3439,5670237.609,128.6682963,8044,1,0
697481.9751,5670239.231,129.4646378,8044,1,0
697500.6063,5670240.854,130.2609794,8044,1,0
697519.2375,5670242.476,131.057321,8044,1,0
697537.8688,5670244.098,131.8536625,8044,1,0
697556.5,5670245.721,132.6500041,8044,1,0
697575.1312,5670247.343,133.4463457,8044,1,0
697593.7624,5670248.965,134.2426872,8044,1,0
697612.3937,5670250.587,135.0390288,8044,1,0
697631.0249,5670252.21,135.8353703,8044,1,0
697649.6561,5670253.832,136.6317119,8044,1,0
697668.2873,5670255.454,137.4280535,8044,1,0
697686.9186,5670257.077,138.224395,8044,1,0
697705.5498,5670258.699,139.0207366,8044,1,0
697724.181,5670260.321,139.8170782,8044,1,0
697742.8122,5670261.944,140.6134197,8044,1,0
697761.4435,5670263.566,141.4097613,8044,1,0
697780.0747,5670265.188,142.2061029,8044,1,0
697798.7059,5670266.81,143.0024444,8044,1,0
697817.3371,5670268.433,143.798786,8044,1,0
697835.9684,5670270.055,144.5951275,8044,1,0
697854.5996,5670271.677,145.3914691,8044,1,0
697873.2308,5670273.3,146.1878107,8044,1,0
697891.862,5670274.922,146.9841522,8044,1,0
697910.4933,5670276.544,147.7804938,8044,1,0
697929.1245,5670278.167,148.5768354,8044,1,0
697947.7557,5670279.789,149.3731769,8044,1,0
697966.3869,5670281.411,150.1695185,8044,1,0
697985.0182,5670283.033,150.9658601,8044,1,0
698003.6494,5670284.656,151.7622016,8044,1,0
698022.2806,5670286.278,152.5585432,8044,1,0
698040.9118,5670287.9,153.3548847,8044,1,0
698059.5431,5670289.523,154.1512263,8044,1,0
698078.1743,5670291.145,154.9475679,8044,1,0
698096.8055,5670292.767,155.7439094,8044,1,0

696647.1842,5669699.065,100,9188,1,0
696648.9902,5669717.979,100,9188,1,0
696650.7963,5669736.893,100,9188,1,0
696652.6024,5669755.807,100,9188,1,0
696654.4084,5669774.721,100,9188,1,0
696656.2145,5669793.635,100,9188,1,0
696658.0205,5669812.549,100,9188,1,0
696659.8266,5669831.463,100,9188,1,0
696661.6327,5669850.377,100,9188,1,0
696663.4387,5669869.291,100,9188,1,0
696665.2448,5669888.205,100,9188,1,0
696681.1743,5669897.896,100.9421961,9188,1,0
696697.1038,5669907.588,101.8843923,9188,1,0
696713.0334,5669917.279,102.8265884,9188,1,0
696728.9629,5669926.971,103.7687846,9188,1,0
696744.8924,5669936.662,104.7109807,9188,1,0
696760.8219,5669946.353,105.6531768,9188,1,0
696776.7514,5669956.045,106.595373,9188,1,0
696792.6809,5669965.736,107.5375691,9188,1,0
696808.6105,5669975.428,108.4797652,9188,1,0
696824.54,5669985.119,109.4219614,9188,1,0
696840.4695,5669994.81,110.3641575,9188,1,0
696856.399,5670004.502,111.3063537,9188,1,0
696872.3285,5670014.193,112.2485498,9188,1,0
696888.2581,5670023.885,113.1907459,9188,1,0
696904.1876,5670033.576,114.1329421,9188,1,0
696920.1171,5670043.268,115.0751382,9188,1,0
696936.0466,5670052.959,116.0173343,9188,1,0
696951.9761,5670062.65,116.9595305,9188,1,0
696967.9056,5670072.342,117.9017266,9188,1,0
696983.8352,5670082.033,118.8439228,9188,1,0
696999.7647,5670091.725,119.7861189,9188,1,0
697015.6942,5670101.416,120.728315,9188,1,0
697031.6237,5670111.107,121.6705112,9188,1,0
697047.5532,5670120.799,122.6127073,9188,1,0
697063.4827,5670130.49,123.5549034,9188,1,0
697079.4123,5670140.182,124.4970996,9188,1,0
697095.3418,5670149.873,125.4392957,9188,1,0
697111.2713,5670159.564,126.3814919,9188,1,0
697127.2008,5670169.256,127.323688,9188,1,0
697143.1303,5670178.947,128.2658841,9188,1,0
697159.0598,5670188.639,129.2080803,9188,1,0
697174.9894,5670198.33,130.1502764,9188,1,0
697190.9189,5670208.022,131.0924725,9188,1,0
697206.8484,5670217.713,132.0346687,9188,1,0
697222.7779,5670227.404,132.9768648,9188,1,1
697238.7074,5670237.096,133.919061,9188,1,0
697254.637,5670246.787,134.8612571,9188,1,0
697270.5665,5670256.479,135.8034532,9188,1,0
697286.496,5670266.17,136.7456494,9188,1,0
697302.4255,5670275.861,137.6878455,9188,1,0
697318.355,5670285.553,138.6300417,9188,1,0
697334.2845,5670295.244,139.5722378,9188,1,0
697350.2141,5670304.936,140.5144339,9188,1,0
697366.1436,5670314.627,141.4566301,9188,1,0
697382.0731,5670324.318,142.3988262,9188,1,0
697398.0026,5670334.01,143.3410223,9188,1,0
697413.9321,5670343.701,144.2832185,9188,1,0
697429.8616,5670353.393,145.2254146,9188,1,0
697445.7912,5670363.084,146.1676108,9188,1,0
697461.7207,5670372.776,147.1098069,9188,1,0
697477.6502,5670382.467,148.052003,9188,1,0
697493.5797,5670392.158,148.9941992,9188,1,0
697509.5092,5670401.85,149.9363953,9188,1,0
697525.4387,5670411.541,150.8785914,9188,1,0
697541.3683,5670421.233,151.8207876,9188,1,0
697557.2978,5670430.924,152.7629837,9188,1,0
697573.2273,5670440.615,153.7051799,9188,1,0
697589.1568,5670450.307,154.647376,9188,1,0
697605.0863,5670459.998,155.5895721,9188,1,0
697621.0158,5670469.69,156.5317683,9188,1,0
697636.9454,5670479.381,157.4739644,9188,1,0
697652.8749,5670489.073,158.4161605,9188,1,0
697668.8044,5670498.764,159.3583567,9188,1,0
697684.7339,5670508.455,160.3005528,9188,1,0
697700.6634,5670518.147,161.242749,9188,1,0
697716.593,5670527.838,162.1849451,9188,1,0
697732.5225,5670537.53,163.1271412,9188,1,0
697748.452,5670547.221,164.0693374,9188,1,0
697764.3815,5670556.912,165.0115335,9188,1,0
697780.311,5670566.604,165.9537297,9188,1,0
697796.2405,5670576.295,166.8959258,9188,1,0
697812.1701,5670585.987,167.8381219,9188,1,0
697828.0996,5670595.678,168.7803181,9188,1,0
697844.0291,5670605.369,169.7225142,9188,1,0
697859.9586,5670615.061,170.6647103,9188,1,0
697875.8881,5670624.752,171.6069065,9188,1,0
697891.8176,5670634.444,172.5491026,9188,1,0
697907.7472,5670644.135,173.4912988,9188,1,0
697923.6767,5670653.827,174.4334949,9188,1,0
697939.6062,5670663.518,175.375691,9188,1,0
697955.5357,5670673.209,176.3178872,9188,1,0
697971.4652,5670682.901,177.2600833,9188,1,0
697987.3947,5670692.592,178.2022794,9188,1,0
698003.3243,5670702.284,179.1444756,9188,1,0
698019.2538,5670711.975,180.0866717,9188,1,0

697693.48,5670530.804,100,4642,3,0
697674.8828,5670534.695,100,4642,3,0
697656.2855,5670538.587,100,4642,3,0
697637.6883,5670542.478,100,4642,3,0
697619.091,5670546.369,100,4642,3,0
697600.4938,5670550.261,100,4642,3,0
697581.8965,5670554.152,100,4642,3,0
697565.2879,5670547.107,102.4629207,4642,3,0
697548.6793,5670540.062,104.9258415,4642,3,0
697532.0706,5670533.017,107.3887622,4642,3,0
697515.462,5670525.972,109.851683,4642,3,0
697498.8533,5670518.928,112.3146037,4642,3,0
697482.2447,5670511.883,114.7775245,4642,3,0
697465.6361,5670504.838,117.2404452,4642,3,0
697449.0274,5670497.793,119.7033659,4642,3,0
697432.4188,5670490.748,122.1662867,4642,3,0
697415.8101,5670483.703,124.6292074,4642,3,0
697399.2015,5670476.658,127.0921282,4642,3,0
697382.5928,5670469.613,129.5550489,4642,3,0
697365.9842,5670462.568,132.0179696,4642,3,0
697349.3756,5670455.524,134.4808904,4642,3,0
697332.7669,5670448.479,136.9438111,4642,3,0
697316.1583,5670441.434,139.4067319,4642,3,0
697299.5496,5670434.389,141.8696526,4642,3,0
697282.941,5670427.344,144.3325734,4642,3,0
697266.3324,5670420.299,146.7954941,4642,3,0
697249.7237,5670413.254,149.2584148,4642,3,0
697233.1151,5670406.209,151.7213356,4642,3,0
697216.5064,5670399.164,154.1842563,4642,3,0
697199.8978,5670392.119,156.6471771,4642,3,0
697183.2892,5670385.075,159.1100978,4642,3,0
697166.6805,5670378.03,161.5730186,4642,3,0
697150.0719,5670370.985,164.0359393,4642,3,0
697133.4632,5670363.94,166.49886,4642,3,0
697116.8546,5670356.895,168.9617808,4642,3,0
697100.246,5670349.85,171.4247015,4642,3,0
697083.6373,5670342.805,173.8876223,4642,3,0
697067.0287,5670335.76,176.350543,4642,3,0
697050.42,5670328.715,178.8134637,4642,3,0
697033.8114,5670321.671,181.2763845,4642,3,0
697017.2027,5670314.626,183.7393052,4642,3,0
697000.5941,5670307.581,186.202226,4642,3,0
696983.9855,5670300.536,188.6651467,4642,3,0
696967.3768,5670293.491,191.1280675,4642,3,0
696950.7682,5670286.446,193.5909882,4642,3,0
696934.1595,5670279.401,196.0539089,4642,3,0
696917.5509,5670272.356,198.5168297,4642,3,0
696900.9423,5670265.311,200.9797504,4642,3,0
696884.3336,5670258.267,203.4426712,4642,3,0
696867.725,5670251.222,205.9055919,4642,3,0
696851.1163,5670244.177,208.3685127,4642,3,0
696834.5077,5670237.132,210.8314334,4642,3,0
696817.8991,5670230.087,213.2943541,4642,3,0
696801.2904,5670223.042,215.7572749,4642,3,0
696784.6818,5670215.997,218.2201956,4642,3,0
696768.0731,5670208.952,220.6831164,4642,3,0
696751.4645,5670201.907,223.1460371,4642,3,0
696734.8559,5670194.862,225.6089578,4642,3,0
696718.2472,5670187.818,228.0718786,4642,3,0
696701.6386,5670180.773,230.5347993,4642,3,0
696685.0299,5670173.728,232.9977201,4642,3,0
696668.4213,5670166.683,235.4606408,4642,3,0
696651.8126,5670159.638,237.9235616,4642,3,0
696635.204,5670152.593,240.3864823,4642,3,0
696618.5954,5670145.548,242.849403,4642,3,0
696601.9867,5670138.503,245.3123238,4642,3,0
696585.3781,5670131.458,247.7752445,4642,3,0
696568.7694,5670124.414,250.2381653,4642,3,0
696552.1608,5670117.369,252.701086,4642,3,0
696535.5522,5670110.324,255.1640067,4642,3,0
696518.9435,5670103.279,257.6269275,4642,3,0
696502.3349,5670096.234,260.0898482,4642,3,0
696485.7262,5670089.189,262.552769,4642,3,0
696469.1176,5670082.144,265.0156897,4642,3,0
696452.509,5670075.099,267.4786105,4642,3,0
696435.9003,5670068.054,269.9415312,4642,3,0
696419.2917,5670061.009,272.4044519,4642,3,0
696402.683,5670053.965,274.8673727,4642,3,0
696386.0744,5670046.92,277.3302934,4642,3,0
696369.4658,5670039.875,279.7932142,4642,3,0
696352.8571,5670032.83,282.2561349,4642,3,0
696336.2485,5670025.785,284.7190557,4642,3,0
696319.6398,5670018.74,287.1819764,4642,3,0
696303.0312,5670011.695,289.6448971,4642,3,0
696286.4225,5670004.65,292.1078179,4642,3,0
696269.8139,5669997.605,294.5707386,4642,3,0
696253.2053,5669990.561,297.0336594,4642,3,1
696236.5966,5669983.516,299.4965801,4642,3,0
696219.988,5669976.471,301.9595008,4642,3,0
696203.3793,5669969.426,304.4224216,4642,3,0
696186.7707,5669962.381,306.8853423,4642,3,0
696170.1621,5669955.336,309.3482631,4642,3,0
696153.5534,5669948.291,311.8111838,4642,3,0
696136.9448,5669941.246,314.2741046,4642,3,0
696120.3361,5669934.201,316.7370253,4642,3,0
696103.7275,5669927.157,319.199946,4642,3,0
696087.1189,5669920.112,321.6628668,4642,3,0
696070.5102,5669913.067,324.1257875,4642,3,0
696053.9016,5669906.022,326.5887083,4642,3,0
696037.2929,5669898.977,329.051629,4642,3,0
696020.6843,5669891.932,331.5145498,4642,3,0
696004.0757,5669884.887,333.9774705,4642,3,0
695987.467,5669877.842,336.4403912,4642,3,0
695970.8584,5669870.797,338.903312,4642,3,0
695954.2497,5669863.752,341.3662327,4642,3,0
695937.6411,5669856.708,343.8291535,4642,3,0
695921.0324,5669849.663,346.2920742,4642,3,0
695904.4238,5669842.618,348.7549949,4642,3,0
695887.8152,5669835.573,351.2179157,4642,3,0
695871.2065,5669828.528,353.6808364,4642,3,0
695854.5979,5669821.483,356.1437572,4642,3,0
695837.9892,5669814.438,358.6066779,4642,3,0
695821.3806,5669807.393,361.0695987,4642,3,0
695804.772,5669800.348,363.5325194,4642,3,0
695788.1633,5669793.304,365.9954401,4642,3,0
695771.5547,5669786.259,368.4583609,4642,3,0
695754.946,5669779.214,370.9212816,4642,3,0
695738.3374,5669772.169,373.3842024,4642,3,0
695721.7288,5669765.124,375.8471231,4642,3,0
695705.1201,5669758.079,378.3100439,4642,3,0
695688.5115,5669751.034,380.7729646,4642,3,0
695671.9028,5669743.989,383.2358853,4642,3,0
695655.2942,5669736.944,385.6988061,4642,3,0
695638.6856,5669729.899,388.1617268,4642,3,0
695622.0769,5669722.855,390.6246476,4642,3,0
695605.4683,5669715.81,393.0875683,4642,3,0
695588.8596,5669708.765,395.550489,4642,3,0
695572.251,5669701.72,398.0134098,4642,3,0
695555.6423,5669694.675,400.4763305,4642,3,0
695539.0337,5669687.63,402.9392513,4642,3,0
695522.4251,5669680.585,405.402172,4642,3,0
695505.8164,5669673.54,407.8650928,4642,3,0
695489.2078,5669666.495,410.3280135,4642,3,0
695472.5991,5669659.451,412.7909342,4642,3,0
695455.9905,5669652.406,415.253855,4642,3,0
695439.3819,5669645.361,417.7167757,4642,3,0
695422.7732,5669638.316,420.1796965,4642,3,0
695406.1646,5669631.271,422.6426172,4642,3,0
695389.5559,5669624.226,425.105538,4642,3,0
695372.9473,5669617.181,427.5684587,4642,3,0
695356.3387,5669610.136,430.0313794,4642,3,0
695339.73,5669603.091,432.4943002,4642,3,0
695323.1214,5669596.046,434.9572209,4642,3,0
695306.5127,5669589.002,437.4201417,4642,3,0
695289.9041,5669581.957,439.8830624,4642,3,0
695273.2955,5669574.912,442.3459831,4642,3,0
695256.6868,5669567.867,444.8089039,4642,3,0
695240.0782,5669560.822,447.2718246,4642,3,0
695223.4695,5669553.777,449.7347454,4642,3,0
695206.8609,5669546.732,452.1976661,4642,3,0
695190.2522,5669539.687,454.6605869,4642,3,0
695173.6436,5669532.642,457.1235076,4642,3,0
695157.035,5669525.598,459.5864283,4642,3,0
695140.4263,5669518.553,462.0493491,4642,3,0
695123.8177,5669511.508,464.5122698,4642,3,0
695107.209,5669504.463,466.9751906,4642,3,0
695090.6004,5669497.418,469.4381113,4642,3,0
695073.9918,5669490.373,471.901032,4642,3,0
695057.3831,5669483.328,474.3639528,4642,3,0
695040.7745,5669476.283,476.8268735,4642,3,0
695024.1658,5669469.238,479.2897943,4642,3,0
695007.5572,5669462.194,481.752715,4642,3,0
694990.9486,5669455.149,484.2156358,4642,3,0
694974.3399,5669448.104,486.6785565,4642,3,0
694957.7313,5669441.059,489.1414772,4642,3,0
694941.1226,5669434.014,491.604398,4642,3,0
694924.514,5669426.969,494.0673187,4642,3,0
694907.9053,5669419.924,496.5302395,4642,3,0
694891.2967,5669412.879,498.9931602,4642,3,0
694874.6881,5669405.834,501.456081,4642,3,0
694858.0794,5669398.789,503.9190017,4642,3,0
694841.4708,5669391.745,506.3819224,4642,3,0
694824.8621,5669384.7,508.8448432,4642,3,0
694808.2535,5669377.655,511.3077639,4642,3,0
694791.6449,5669370.61,513.7706847,4642,3,0
694775.0362,5669363.565,516.2336054,4642,3,0
694758.4276,5669356.52,518.6965261,4642,3,0

697252.1798,5669859.882,100,8473,0,0
697242.4199,5669876.184,100,8473,0,0
697232.6601,5669892.486,100,8473,0,0
697222.9002,5669908.787,100,8473,0,0
697213.1403,5669925.089,100,8473,0,0
697203.3805,5669941.391,100,8473,0,0
697193.6206,5669957.692,100,8473,0,0
697208.8658,5669967.154,102.6994476,8473,0,0
697224.1111,5669976.615,105.3988953,8473,0,0
697239.3563,5669986.076,108.0983429,8473,0,0
697254.6015,5669995.537,110.7977906,8473,0,0
697269.8467,5670004.998,113.4972382,8473,0,0
697285.092,5670014.459,116.1966859,8473,0,0
697300.3372,5670023.92,118.8961335,8473,0,0
697315.5824,5670033.381,121.5955812,8473,0,0
697330.8277,5670042.843,124.2950288,8473,0,0
697346.0729,5670052.304,126.9944765,8473,0,0
697361.3181,5670061.765,129.6939241,8473,0,0
697376.5634,5670071.226,132.3933718,8473,0,0
697391.8086,5670080.687,135.0928194,8473,0,0
697407.0538,5670090.148,137.7922671,8473,0,0
697422.299,5670099.609,140.4917147,8473,0,0
697437.5443,5670109.07,143.1911623,8473,0,0
697452.7895,5670118.532,145.89061,8473,0,0
697468.0347,5670127.993,148.5900576,8473,0,0
697483.28,5670137.454,151.2895053,8473,0,0
697498.5252,5670146.915,153.9889529,8473,0,0
697513.7704,5670156.376,156.6884006,8473,0,0
697529.0157,5670165.837,159.3878482,8473,0,0
697544.2609,5670175.298,162.0872959,8473,0,0
697559.5061,5670184.759,164.7867435,8473,0,0
697574.7513,5670194.221,167.4861912,8473,0,0
697589.9966,5670203.682,170.1856388,8473,0,0
697605.2418,5670213.143,172.8850865,8473,0,0
697620.487,5670222.604,175.5845341,8473,0,0
697635.7323,5670232.065,178.2839818,8473,0,0
697650.9775,5670241.526,180.9834294,8473,0,0
697666.2227,5670250.987,183.682877,8473,0,0
697681.468,5670260.448,186.3823247,8473,0,0
697696.7132,5670269.91,189.0817723,8473,0,0
697711.9584,5670279.371,191.78122,8473,0,0
697727.2036,5670288.832,194.4806676,8473,0,0
697742.4489,5670298.293,197.1801153,8473,0,0
697757.6941,5670307.754,199.8795629,8473,0,0
697772.9393,5670317.215,202.5790106,8473,0,0
697788.1846,5670326.676,205.2784582,8473,0,0
697803.4298,5670336.137,207.9779059,8473,0,0
697818.675,5670345.599,210.6773535,8473,0,0
697833.9203,5670355.06,213.3768012,8473,0,0
697849.1655,5670364.521,216.0762488,8473,0,0
697864.4107,5670373.982,218.7756965,8473,0,0
697879.6559,5670383.443,221.4751441,8473,0,0
697894.9012,5670392.904,224.1745917,8473,0,0
697910.1464,5670402.365,226.8740394,8473,0,0
697925.3916,5670411.826,229.573487,8473,0,0
697940.6369,5670421.288,232.2729347,8473,0,0
697955.8821,5670430.749,234.9723823,8473,0,1
697971.1273,5670440.21,237.67183,8473,0,0
697986.3726,5670449.671,240.3712776,8473,0,0
698001.6178,5670459.132,243.0707253,8473,0,0
698016.863,5670468.593,245.7701729,8473,0,0
698032.1082,5670478.054,248.4696206,8473,0,0
698047.3535,5670487.515,251.1690682,8473,0,0
698062.5987,5670496.977,253.8685159,8473,0,0
698077.8439,5670506.438,256.5679635,8473,0,0
698093.0892,5670515.899,259.2674112,8473,0,0
698108.3344,5670525.36,261.9668588,8473,0,0
698123.5796,5670534.821,264.6663064,8473,0,0
698138.8249,5670544.282,267.3657541,8473,0,0
698154.0701,5670553.743,270.0652017,8473,0,0
698169.3153,5670563.204,272.7646494,8473,0,0
698184.5606,5670572.666,275.464097,8473,0,0
698199.8058,5670582.127,278.1635447,8473,0,0
698215.051,5670591.588,280.8629923,8473,0,0
698230.2962,5670601.049,283.56244,8473,0,0
698245.5415,5670610.51,286.2618876,8473,0,0
698260.7867,5670619.971,288.9613353,8473,0,0
698276.0319,5670629.432,291.6607829,8473,0,0
698291.2772,5670638.893,294.3602306,8473,0,0
698306.5224,5670648.355,297.0596782,8473,0,0
698321.7676,5670657.816,299.7591259,8473,0,0
698337.0129,5670667.277,302.4585735,8473,0,0
698352.2581,5670676.738,305.1580211,8473,0,0
698367.5033,5670686.199,307.8574688,8473,0,0
698382.7485,5670695.66,310.5569164,8473,0,0
698397.9938,5670705.121,313.2563641,8473,0,0
698413.239,5670714.582,315.9558117,8473,0,0
698428.4842,5670724.044,318.6552594,8473,0,0
698443.7295,5670733.505,321.354707,8473,0,0
698458.9747,5670742.966,324.0541547,8473,0,0
698474.2199,5670752.427,326.7536023,8473,0,0
698489.4652,5670761.888,329.45305,8473,0,0
698504.7104,5670771.349,332.1524976,8473,0,0
698519.9556,5670780.81,334.8519453,8473,0,0
698535.2008,5670790.271,337.5513929,8473,0,0
698550.4461,5670799.733,340.2508406,8473,0,0
698565.6913,5670809.194,342.9502882,8473,0,0
698580.9365,5670818.655,345.6497358,8473,0,0
698596.1818,5670828.116,348.3491835,8473,0,0
698611.427,5670837.577,351.0486311,8473,0,0

696774.4389,5669699.904,100,5706,0,0
696773.8361,5669718.895,100,5706,0,0
696773.2333,5669737.885,100,5706,0,0
696772.6304,5669756.876,100,5706,0,0
696772.0276,5669775.866,100,5706,0,0
696771.4248,5669794.856,100,5706,0,0
696770.822,5669813.847,100,5706,0,0
696770.2191,5669832.837,100,5706,0,0
696769.6163,5669851.828,100,5706,0,0
696769.0135,5669870.818,100,5706,0,0
696768.4106,5669889.809,100,5706,0,0
696767.8078,5669908.799,100,5706,0,0
696767.205,5669927.79,100,5706,0,0
696766.6021,5669946.78,100,5706,0,0
696765.9993,5669965.77,100,5706,0,0
696765.3965,5669984.761,100,5706,0,0
696764.7936,5670003.751,100,5706,0,0
696764.1908,5670022.742,100,5706,0,0
696763.588,5670041.732,100,5706,0,0
696762.9852,5670060.723,100,5706,0,0
696762.3823,5670079.713,100,5706,0,0
696761.7795,5670098.703,100,5706,0,0
696761.1767,5670117.694,100,5706,0,0
696760.5738,5670136.684,100,5706,0,0
696759.971,5670155.675,100,5706,0,0
696759.3682,5670174.665,100,5706,0,0
696777.8971,5670177.684,100.6076706,5706,0,0
696796.426,5670180.704,101.2153413,5706,0,0
696814.9549,5670183.723,101.8230119,5706,0,0
696833.4838,5670186.742,102.4306825,5706,0,0
696852.0127,5670189.761,103.0383532,5706,0,0
696870.5416,5670192.78,103.6460238,5706,0,0
696889.0706,5670195.8,104.2536944,5706,0,0
696907.5995,5670198.819,104.8613651,5706,0,0
696926.1284,5670201.838,105.4690357,5706,0,0
696944.6573,5670204.857,106.0767064,5706,0,0
696963.1862,5670207.877,106.684377,5706,0,0
696981.7151,5670210.896,107.2920476,5706,0,0
697000.244,5670213.915,107.8997183,5706,0,0
697018.7729,5670216.934,108.5073889,5706,0,0
697037.3019,5670219.954,109.1150595,5706,0,0
697055.8308,5670222.973,109.7227302,5706,0,0
697074.3597,5670225.992,110.3304008,5706,0,0
697092.8886,5670229.011,110.9380714,5706,0,0
697111.4175,5670232.03,111.5457421,5706,0,0
697129.9464,5670235.05,112.1534127,5706,0,0
697148.4753,5670238.069,112.7610833,5706,0,1
697167.0042,5670241.088,113.368754,5706,0,0
697185.5332,5670244.107,113.9764246,5706,0,0
697204.0621,5670247.127,114.5840953,5706,0,0
697222.591,5670250.146,115.1917659,5706,0,0
697241.1199,5670253.165,115.7994365,5706,0,0
697259.6488,5670256.184,116.4071072,5706,0,0
697278.1777,5670259.203,117.0147778,5706,0,0
697296.7066,5670262.223,117.6224484,5706,0,0
697315.2355,5670265.242,118.2301191,5706,0,0
697333.7644,5670268.261,118.8377897,5706,0,0
697352.2934,5670271.28,119.4454603,5706,0,0
697370.8223,5670274.3,120.053131,5706,0,0
697389.3512,5670277.319,120.6608016,5706,0,0
697407.8801,5670280.338,121.2684722,5706,0,0
697426.409,5670283.357,121.8761429,5706,0,0
697444.9379,5670286.376,122.4838135,5706,0,0
697463.4668,5670289.396,123.0914842,5706,0,0
697481.9957,5670292.415,123.6991548,5706,0,0
697500.5247,5670295.434,124.3068254,5706,0,0
697519.0536,5670298.453,124.9144961,5706,0,0
697537.5825,5670301.473,125.5221667,5706,0,0
697556.1114,5670304.492,126.1298373,5706,0,0
697574.6403,5670307.511,126.737508,5706,0,0
697593.1692,5670310.53,127.3451786,5706,0,0
697611.6981,5670313.549,127.9528492,5706,0,0
697630.227,5670316.569,128.5605199,5706,0,0
697648.756,5670319.588,129.1681905,5706,0,0
697667.2849,5670322.607,129.7758611,5706,0,0
697685.8138,5670325.626,130.3835318,5706,0,0
697704.3427,5670328.646,130.9912024,5706,0,0
697722.8716,5670331.665,131.5988731,5706,0,0
697741.4005,5670334.684,132.2065437,5706,0,0
697759.9294,5670337.703,132.8142143,5706,0,0
697778.4583,5670340.722,133.421885,5706,0,0
697796.9873,5670343.742,134.0295556,5706,0,0
697815.5162,5670346.761,134.6372262,5706,0,0
697834.0451,5670349.78,135.2448969,5706,0,0
697852.574,5670352.799,135.8525675,5706,0,0
697871.1029,5670355.819,136.4602381,5706,0,0
697889.6318,5670358.838,137.0679088,5706,0,0
697908.1607,5670361.857,137.6755794,5706,0,0
697926.6896,5670364.876,138.28325,5706,0,0
697945.2186,5670367.895,138.8909207,5706,0,0
697963.7475,5670370.915,139.4985913,5706,0,0
697982.2764,5670373.934,140.106262,5706,0,0
698000.8053,5670376.953,140.7139326,5706,0,0
698019.3342,5670379.972,141.3216032,5706,0,0
698037.8631,5670382.992,141.9292739,5706,0,0
698056.392,5670386.011,142.5369445,5706,0,0
698074.9209,5670389.03,143.1446151,5706,0,0
698093.4499,5670392.049,143.7522858,5706,0,0
698111.9788,5670395.068,144.3599564,5706,0,0
698130.5077,5670398.088,144.967627,5706,0,0

696774.4389,5669699.904,100,9164,0,0
696773.8361,5669718.895,100,9164,0,0
696773.2333,5669737.885,100,9164,0,0
696772.6304,5669756.876,100,9164,0,0
696772.0276,5669775.866,100,9164,0,0
696771.4248,5669794.856,100,9164,0,0
696770.822,5669813.847,100,9164,0,0
696770.2191,5669832.837,100,9164,0,0
696769.6163,5669851.828,100,9164,0,0
696769.0135,5669870.818,100,9164,0,0
696768.4106,5669889.809,100,9164,0,0
696767.8078,5669908.799,100,9164,0,0
696767.205,5669927.79,100,9164,0,0
696766.6021,5669946.78,100,9164,0,0
696765.9993,5669965.77,100,9164,0,0
696765.3965,5669984.761,100,9164,0,0
696764.7936,5670003.751,100,9164,0,0
696764.1908,5670022.742,100,9164,0,0
696763.588,5670041.732,100,9164,0,0
696762.9852,5670060.723,100,9164,0,0
696762.3823,5670079.713,100,9164,0,0
696761.7795,5670098.703,100,9164,0,0
696761.1767,5670117.694,100,9164,0,0
696760.5738,5670136.684,100,9164,0,0
696759.971,5670155.675,100,9164,0,0
696759.3682,5670174.665,100,9164,0,0
696777.9246,5670177.652,100.5492243,9164,0,0
696796.4811,5670180.639,101.0984486,9164,0,0
696815.0376,5670183.626,101.6476729,9164,0,0
696833.5941,5670186.613,102.1968971,9164,0,0
696852.1506,5670189.6,102.7461214,9164,0,0
696870.707,5670192.587,103.2953457,9164,0,0
696889.2635,5670195.574,103.84457,9164,0,0
696907.82,5670198.561,104.3937943,9164,0,0
696926.3765,5670201.548,104.9430186,9164,0,0
696944.933,5670204.535,105.4922429,9164,0,0
696963.4894,5670207.522,106.0414671,9164,0,0
696982.0459,5670210.508,106.5906914,9164,0,0
697000.6024,5670213.495,107.1399157,9164,0,0
697019.1589,5670216.482,107.68914,9164,0,0
697037.7154,5670219.469,108.2383643,9164,0,0
697056.2718,5670222.456,108.7875886,9164,0,0
697074.8283,5670225.443,109.3368129,9164,0,0
697093.3848,5670228.43,109.8860371,9164,0,0
697111.9413,5670231.417,110.4352614,9164,0,0
697130.4978,5670234.404,110.9844857,9164,0,0
697149.0542,5670237.391,111.53371,9164,0,1
697167.6107,5670240.378,112.0829343,9164,0,0
697186.1672,5670243.365,112.6321586,9164,0,0
697204.7237,5670246.352,113.1813829,9164,0,0
697223.2802,5670249.339,113.7306071,9164,0,0
697241.8367,5670252.326,114.2798314,9164,0,0
697260.3931,5670255.313,114.8290557,9164,0,0
697278.9496,5670258.3,115.37828,9164,0,0
697297.5061,5670261.287,115.9275043,9164,0,0
697316.0626,5670264.273,116.4767286,9164,0,0
697334.6191,5670267.26,117.0259529,9164,0,0
697353.1755,5670270.247,117.5751771,9164,0,0
697371.732,5670273.234,118.1244014,9164,0,0
697390.2885,5670276.221,118.6736257,9164,0,0
697408.845,5670279.208,119.22285,9164,0,0
697427.4015,5670282.195,119.7720743,9164,0,0
697445.9579,5670285.182,120.3212986,9164,0,0
697464.5144,5670288.169,120.8705229,9164,0,0
697483.0709,5670291.156,121.4197471,9164,0,0
697501.6274,5670294.143,121.9689714,9164,0,0
697520.1839,5670297.13,122.5181957,9164,0,0
697538.7403,5670300.117,123.06742,9164,0,0
697557.2968,5670303.104,123.6166443,9164,0,0
697575.8533,5670306.091,124.1658686,9164,0,0
697594.4098,5670309.078,124.7150929,9164,0,0
697612.9663,5670312.065,125.2643171,9164,0,0
697631.5227,5670315.051,125.8135414,9164,0,0
697650.0792,5670318.038,126.3627657,9164,0,0
697668.6357,5670321.025,126.91199,9164,0,0
697687.1922,5670324.012,127.4612143,9164,0,0
697705.7487,5670326.999,128.0104386,9164,0,0
697724.3051,5670329.986,128.5596629,9164,0,0
697742.8616,5670332.973,129.1088872,9164,0,0
697761.4181,5670335.96,129.6581114,9164,0,0
697779.9746,5670338.947,130.2073357,9164,0,0
697798.5311,5670341.934,130.75656,9164,0,0
697817.0875,5670344.921,131.3057843,9164,0,0
697835.644,5670347.908,131.8550086,9164,0,0
697854.2005,5670350.895,132.4042329,9164,0,0
697872.757,5670353.882,132.9534572,9164,0,0
697891.3135,5670356.869,133.5026814,9164,0,0
697909.8699,5670359.856,134.0519057,9164,0,0
697928.4264,5670362.843,134.60113,9164,0,0
697946.9829,5670365.83,135.1503543,9164,0,0
697965.5394,5670368.816,135.6995786,9164,0,0
697984.0959,5670371.803,136.2488029,9164,0,0
698002.6523,5670374.79,136.7980272,9164,0,0
698021.2088,5670377.777,137.3472514,9164,0,0
698039.7653,5670380.764,137.8964757,9164,0,0
698058.3218,5670383.751,138.4457,9164,0,0
698076.8783,5670386.738,138.9949243,9164,0,0
698095.4347,5670389.725,139.5441486,9164,0,0
698113.9912,5670392.712,140.0933729,9164,0,0
698132.5477,5670395.699,140.6425972,9164,0,0

696710.8245,5669697.47,100,4688,0,0
696711.4273,5669716.461,100,4688,0,0
696712.0301,5669735.451,100,4688,0,0
696712.633,5669754.442,100,4688,0,0
696713.2358,5669773.432,100,4688,0,0
696713.8386,5669792.422,100,4688,0,0
696714.4415,5669811.413,100,4688,0,0
696715.0443,5669830.403,100,4688,0,0
696715.6471,5669849.394,100,4688,0,0
696716.25,5669868.384,100,4688,0,0
696716.8528,5669887.375,100,4688,0,0
696717.4556,5669906.365,100,4688,0,0
696718.0585,5669925.356,100,4688,0,0
696718.6613,5669944.346,100,4688,0,0
696719.2641,5669963.336,100,4688,0,0
696719.8669,5669982.327,100,4688,0,0
696720.4698,5670001.317,100,4688,0,0
696721.0726,5670020.308,100,4688,0,0
696738.0743,5670028.108,100.7854557,4688,0,0
696755.0761,5670035.909,101.5709114,4688,0,0
696772.0778,5670043.71,102.3563671,4688,0,0
696789.0795,5670051.51,103.1418228,4688,0,0
696806.0813,5670059.311,103.9272785,4688,0,0
696823.083,5670067.112,104.7127342,4688,0,0
696840.0847,5670074.912,105.4981899,4688,0,0
696857.0864,5670082.713,106.2836456,4688,0,0
696874.0882,5670090.514,107.0691014,4688,0,0
696891.0899,5670098.315,107.8545571,4688,0,0
696908.0916,5670106.115,108.6400128,4688,0,0
696925.0934,5670113.916,109.4254685,4688,0,0
696942.0951,5670121.717,110.2109242,4688,0,0
696959.0968,5670129.517,110.9963799,4688,0,0
696976.0986,5670137.318,111.7818356,4688,0,0
696993.1003,5670145.119,112.5672913,4688,0,0
697010.102,5670152.919,113.352747,4688,0,0
697027.1038,5670160.72,114.1382027,4688,0,0
697044.1055,5670168.521,114.9236584,4688,0,0
697061.1072,5670176.321,115.7091141,4688,0,0
697078.1089,5670184.122,116.4945698,4688,0,0
697095.1107,5670191.923,117.2800255,4688,0,0
697112.1124,5670199.723,118.0654812,4688,0,0
697129.1141,5670207.524,118.8509369,4688,0,0
697146.1159,5670215.325,119.6363927,4688,0,0
697163.1176,5670223.125,120.4218484,4688,0,0
697180.1193,5670230.926,121.2073041,4688,0,0
697197.1211,5670238.727,121.9927598,4688,0,0
697214.1228,5670246.527,122.7782155,4688,0,0
697231.1245,5670254.328,123.5636712,4688,0,1
697248.1263,5670262.129,124.3491269,4688,0,0
697265.128,5670269.929,125.1345826,4688,0,0
697282.1297,5670277.73,125.9200383,4688,0,0
697299.1314,5670285.531,126.705494,4688,0,0
697316.1332,5670293.331,127.4909497,4688,0,0
697333.1349,5670301.132,128.2764054,4688,0,0
697350.1366,5670308.933,129.0618611,4688,0,0
697367.1384,5670316.734,129.8473168,4688,0,0
697384.1401,5670324.534,130.6327725,4688,0,0
697401.1418,5670332.335,131.4182282,4688,0,0
697418.1436,5670340.136,132.203684,4688,0,0
697435.1453,5670347.936,132.9891397,4688,0,0
697452.147,5670355.737,133.7745954,4688,0,0
697469.1487,5670363.538,134.5600511,4688,0,0
697486.1505,5670371.338,135.3455068,4688,0,0
697503.1522,5670379.139,136.1309625,4688,0,0
697520.1539,5670386.94,136.9164182,4688,0,0
697537.1557,5670394.74,137.7018739,4688,0,0
697554.1574,5670402.541,138.4873296,4688,0,0
697571.1591,5670410.342,139.2727853,4688,0,0
697588.1609,5670418.142,140.058241,4688,0,0
697605.1626,5670425.943,140.8436967,4688,0,0
697622.1643,5670433.744,141.6291524,4688,0,0
697639.1661,5670441.544,142.4146081,4688,0,0
697656.1678,5670449.345,143.2000638,4688,0,0
697673.1695,5670457.146,143.9855195,4688,0,0
697690.1712,5670464.946,144.7709753,4688,0,0
697707.173,5670472.747,145.556431,4688,0,0
697724.1747,5670480.548,146.3418867,4688,0,0
697741.1764,5670488.348,147.1273424,4688,0,0
697758.1782,5670496.149,147.9127981,4688,0,0
697775.1799,5670503.95,148.6982538,4688,0,0
697792.1816,5670511.751,149.4837095,4688,0,0
697809.1834,5670519.551,150.2691652,4688,0,0
697826.1851,5670527.352,151.0546209,4688,0,0
697843.1868,5670535.153,151.8400766,4688,0,0
697860.1886,5670542.953,152.6255323,4688,0,0
697877.1903,5670550.754,153.410988,4688,0,0
697894.192,5670558.555,154.1964437,4688,0,0
697911.1937,5670566.355,154.9818994,4688,0,0
697928.1955,5670574.156,155.7673551,4688,0,0
697945.1972,5670581.957,156.5528108,4688,0,0
697962.1989,5670589.757,157.3382666,4688,0,0
697979.2007,5670597.558,158.1237223,4688,0,0
697996.2024,5670605.359,158.909178,4688,0,0
698013.2041,5670613.159,159.6946337,4688,0,0
698030.2059,5670620.96,160.4800894,4688,0,0
698047.2076,5670628.761,161.2655451,4688,0,0
698064.2093,5670636.561,162.0510008,4688,0,0
698081.2111,5670644.362,162.8364565,4688,0,0
698098.2128,5670652.163,163.6219122,4688,0,0
698115.2145,5670659.963,164.4073679,4688,0,0

696647.1842,5669699.065,100,6047,0,0
696648.9902,5669717.979,100,6047,0,0
696650.7963,5669736.893,100,6047,0,0
696652.6024,5669755.807,100,6047,0,0
696654.4084,5669774.721,100,6047,0,0
696656.2145,5669793.635,100,6047,0,0
696658.0205,5669812.549,100,6047,0,0
696659.8266,5669831.463,100,6047,0,0
696661.6327,5669850.377,100,6047,0,0
696663.4387,5669869.291,100,6047,0,0
696665.2448,5669888.205,100,6047,0,0
696667.0509,5669907.119,100,6047,0,0
696668.8569,5669926.033,100,6047,0,0
696670.663,5669944.947,100,6047,0,0
696672.4691,5669963.861,100,6047,0,0
696674.2751,5669982.775,100,6047,0,0
696676.0812,5670001.689,100,6047,0,0
696677.8873,5670020.603,100,6047,0,0
696679.6933,5670039.517,100,6047,0,0
696681.4994,5670058.431,100,6047,0,0
696683.3055,5670077.345,100,6047,0,0
696685.1115,5670096.259,100,6047,0,0
696686.9176,5670115.173,100,6047,0,0
696688.7237,5670134.086,100,6047,0,0
696690.5297,5670153,100,6047,0,0
696692.3358,5670171.914,100,6047,0,0
696711.1752,5670174.258,100.0417321,6047,0,0
696730.0147,5670176.601,100.0834642,6047,0,0
696748.8541,5670178.944,100.1251963,6047,0,0
696767.6936,5670181.287,100.1669285,6047,0,0
696786.5331,5670183.63,100.2086606,6047,0,0
696805.3725,5670185.973,100.2503927,6047,0,0
696824.212,5670188.316,100.2921248,6047,0,0
696843.0514,5670190.659,100.3338569,6047,0,0
696861.8909,5670193.002,100.375589,6047,0,0
696880.7303,5670195.346,100.4173211,6047,0,0
696899.5698,5670197.689,100.4590533,6047,0,0
696918.4093,5670200.032,100.5007854,6047,0,0
696937.2487,5670202.375,100.5425175,6047,0,0
696956.0882,5670204.718,100.5842496,6047,0,0
696974.9276,5670207.061,100.6259817,6047,0,0
696993.7671,5670209.404,100.6677138,6047,0,0
697012.6065,5670211.747,100.7094459,6047,0,0
697031.446,5670214.09,100.7511781,6047,0,0
697050.2854,5670216.434,100.7929102,6047,0,0
697069.1249,5670218.777,100.8346423,6047,0,1
697087.9644,5670221.12,100.8763744,6047,0,0
697106.8038,5670223.463,100.9181065,6047,0,0
697125.6433,5670225.806,100.9598386,6047,0,0
697144.4827,5670228.149,101.0015707,6047,0,0
697163.3222,5670230.492,101.0433028,6047,0,0
697182.1616,5670232.835,101.085035,6047,0,0
697201.0011,5670235.178,101.1267671,6047,0,0
697219.8406,5670237.522,101.1684992,6047,0,0
697238.68,5670239.865,101.2102313,6047,0,0
697257.5195,5670242.208,101.2519634,6047,0,0
697276.3589,5670244.551,101.2936955,6047,0,0
697295.1984,5670246.894,101.3354276,6047,0,0
697314.0378,5670249.237,101.3771598,6047,0,0
697332.8773,5670251.58,101.4188919,6047,0,0
697351.7167,5670253.923,101.460624,6047,0,0
697370.5562,5670256.266,101.5023561,6047,0,0
697389.3957,5670258.61,101.5440882,6047,0,0
697408.2351,5670260.953,101.5858203,6047,0,0
697427.0746,5670263.296,101.6275524,6047,0,0
697445.914,5670265.639,101.6692846,6047,0,0
697464.7535,5670267.982,101.7110167,6047,0,0
697483.5929,5670270.325,101.7527488,6047,0,0
697502.4324,5670272.668,101.7944809,6047,0,0
697521.2718,5670275.011,101.836213,6047,0,0
697540.1113,5670277.354,101.8779451,6047,0,0
697558.9508,5670279.698,101.9196772,6047,0,0
697577.7902,5670282.041,101.9614094,6047,0,0
697596.6297,5670284.384,102.0031415,6047,0,0
697615.4691,5670286.727,102.0448736,6047,0,0
697634.3086,5670289.07,102.0866057,6047,0,0
697653.148,5670291.413,102.1283378,6047,0,0
697671.9875,5670293.756,102.1700699,6047,0,0
697690.827,5670296.099,102.211802,6047,0,0
697709.6664,5670298.442,102.2535342,6047,0,0
697728.5059,5670300.786,102.2952663,6047,0,0
697747.3453,5670303.129,102.3369984,6047,0,0
697766.1848,5670305.472,102.3787305,6047,0,0
697785.0242,5670307.815,102.4204626,6047,0,0
697803.8637,5670310.158,102.4621947,6047,0,0
697822.7031,5670312.501,102.5039268,6047,0,0
697841.5426,5670314.844,102.545659,6047,0,0
697860.3821,5670317.187,102.5873911,6047,0,0
697879.2215,5670319.53,102.6291232,6047,0,0
697898.061,5670321.874,102.6708553,6047,0,0
697916.9004,5670324.217,102.7125874,6047,0,0
697935.7399,5670326.56,102.7543195,6047,0,0
697954.5793,5670328.903,102.7960516,6047,0,0
697973.4188,5670331.246,102.8377837,6047,0,0
697992.2583,5670333.589,102.8795159,6047,0,0
698011.0977,5670335.932,102.921248,6047,0,0
698029.9372,5670338.275,102.9629801,6047,0,0
698048.7766,5670340.618,103.0047122,6047,0,0
698067.6161,5670342.962,103.0464443,6047,0,0
698086.4555,5670345.305,103.0881764,6047,0,0

697401.3423,5669978.457,100,2137,3,0
697388.6736,5669992.617,100,2137,3,0
697376.005,5670006.777,100,2137,3,0
697363.3364,5670020.937,100,2137,3,0
697350.6678,5670035.097,100,2137,3,0
697337.9992,5670049.257,100,2137,3,0
697325.3306,5670063.417,100,2137,3,0
697312.662,5670077.577,100,2137,3,0
697299.9934,5670091.737,100,2137,3,0
697287.3248,5670105.897,100,2137,3,0
697274.6561,5670120.057,100,2137,3,0
697261.9875,5670134.217,100,2137,3,0
697249.3189,5670148.377,100,2137,3,0
697236.6503,5670162.537,100,2137,3,0
697223.9817,5670176.697,100,2137,3,0
697211.3131,5670190.857,100,2137,3,0
697198.6445,5670205.017,100,2137,3,0
697185.9759,5670219.177,100,2137,3,0
697173.3073,5670233.337,100,2137,3,0
697160.6386,5670247.497,100,2137,3,0
697147.97,5670261.657,100,2137,3,0
697135.3014,5670275.817,100,2137,3,0
697122.6328,5670289.977,100,2137,3,0
697105.7634,5670284.472,103.1632297,2137,3,0
697088.8939,5670278.967,106.3264594,2137,3,0
697072.0245,5670273.462,109.4896891,2137,3,0
697055.155,5670267.957,112.6529188,2137,3,0
697038.2856,5670262.452,115.8161485,2137,3,0
697021.4161,5670256.947,118.9793782,2137,3,0
697004.5467,5670251.442,122.1426079,2137,3,0
696987.6772,5670245.937,125.3058376,2137,3,0
696970.8078,5670240.432,128.4690673,2137,3,0
696953.9384,5670234.927,131.632297,2137,3,0
696937.0689,5670229.422,134.7955267,2137,3,0
696920.1995,5670223.917,137.9587564,2137,3,0
696903.33,5670218.412,141.1219861,2137,3,0
696886.4606,5670212.907,144.2852158,2137,3,0
696869.5911,5670207.402,147.4484455,2137,3,0
696852.7217,5670201.897,150.6116752,2137,3,0
696835.8522,5670196.391,153.7749049,2137,3,0
696818.9828,5670190.886,156.9381346,2137,3,0
696802.1133,5670185.381,160.1013643,2137,3,0
696785.2439,5670179.876,163.264594,2137,3,0
696768.3745,5670174.371,166.4278237,2137,3,0
696751.505,5670168.866,169.5910534,2137,3,0
696734.6356,5670163.361,172.7542831,2137,3,0
696717.7661,5670157.856,175.9175128,2137,3,0
696700.8967,5670152.351,179.0807425,2137,3,0
696684.0272,5670146.846,182.2439722,2137,3,0
696667.1578,5670141.341,185.4072019,2137,3,0
696650.2883,5670135.836,188.5704316,2137,3,0
696633.4189,5670130.331,191.7336613,2137,3,0
696616.5494,5670124.826,194.896891,2137,3,0
696599.68,5670119.321,198.0601207,2137,3,0
696582.8105,5670113.816,201.2233504,2137,3,0
696565.9411,5670108.311,204.3865801,2137,3,0
696549.0717,5670102.806,207.5498098,2137,3,0
696532.2022,5670097.301,210.7130395,2137,3,0
696515.3328,5670091.795,213.8762692,2137,3,0
696498.4633,5670086.29,217.0394989,2137,3,0
696481.5939,5670080.785,220.2027286,2137,3,0
696464.7244,5670075.28,223.3659583,2137,3,0
696447.855,5670069.775,226.529188,2137,3,0
696430.9855,5670064.27,229.6924176,2137,3,0
696414.1161,5670058.765,232.8556473,2137,3,0
696397.2466,5670053.26,236.018877,2137,3,0
696380.3772,5670047.755,239.1821067,2137,3,0
696363.5078,5670042.25,242.3453364,2137,3,0
696346.6383,5670036.745,245.5085661,2137,3,0
696329.7689,5670031.24,248.6717958,2137,3,0
696312.8994,5670025.735,251.8350255,2137,3,0
696296.03,5670020.23,254.9982552,2137,3,0
696279.1605,5670014.725,258.1614849,2137,3,0
696262.2911,5670009.22,261.3247146,2137,3,0
696245.4216,5670003.715,264.4879443,2137,3,0
696228.5522,5669998.21,267.651174,2137,3,0
696211.6827,5669992.705,270.8144037,2137,3,0
696194.8133,5669987.199,273.9776334,2137,3,0
696177.9439,5669981.694,277.1408631,2137,3,0
696161.0744,5669976.189,280.3040928,2137,3,0
696144.205,5669970.684,283.4673225,2137,3,0
696127.3355,5669965.179,286.6305522,2137,3,0
696110.4661,5669959.674,289.7937819,2137,3,0
696093.5966,5669954.169,292.9570116,2137,3,0
696076.7272,5669948.664,296.1202413,2137,3,0
696059.8577,5669943.159,299.283471,2137,3,0
696042.9883,5669937.654,302.4467007,2137,3,0
696026.1188,5669932.149,305.6099304,2137,3,0
696009.2494,5669926.644,308.7731601,2137,3,0
695992.38,5669921.139,311.9363898,2137,3,1
695975.5105,5669915.634,315.0996195,2137,3,0
695958.6411,5669910.129,318.2628492,2137,3,0
695941.7716,5669904.624,321.4260789,2137,3,0
695924.9022,5669899.119,324.5893086,2137,3,0
695908.0327,5669893.614,327.7525383,2137,3,0
695891.1633,5669888.109,330.915768,2137,3,0
695874.2938,5669882.604,334.0789977,2137,3,0
695857.4244,5669877.098,337.2422274,2137,3,0
695840.5549,5669871.593,340.4054571,2137,3,0
695823.6855,5669866.088,343.5686868,2137,3,0
695806.816,5669860.583,346.7319165,2137,3,0
695789.9466,5669855.078,349.8951462,2137,3,0
695773.0772,5669849.573,353.0583759,2137,3,0
695756.2077,5669844.068,356.2216056,2137,3,0
695739.3383,5669838.563,359.3848353,2137,3,0
695722.4688,5669833.058,362.548065,2137,3,0
695705.5994,5669827.553,365.7112947,2137,3,0
695688.7299,5669822.048,368.8745244,2137,3,0
695671.8605,5669816.543,372.0377541,2137,3,0
695654.991,5669811.038,375.2009838,2137,3,0
695638.1216,5669805.533,378.3642135,2137,3,0
695621.2521,5669800.028,381.5274432,2137,3,0
695604.3827,5669794.523,384.6906729,2137,3,0
695587.5133,5669789.018,387.8539026,2137,3,0
695570.6438,5669783.513,391.0171323,2137,3,0
695553.7744,5669778.008,394.180362,2137,3,0
695536.9049,5669772.502,397.3435917,2137,3,0
695520.0355,5669766.997,400.5068214,2137,3,0
695503.166,5669761.492,403.6700511,2137,3,0
695486.2966,5669755.987,406.8332808,2137,3,0
695469.4271,5669750.482,409.9965105,2137,3,0
695452.5577,5669744.977,413.1597402,2137,3,0
695435.6882,5669739.472,416.3229699,2137,3,0
695418.8188,5669733.967,419.4861996,2137,3,0
695401.9494,5669728.462,422.6494293,2137,3,0
695385.0799,5669722.957,425.812659,2137,3,0
695368.2105,5669717.452,428.9758887,2137,3,0
695351.341,5669711.947,432.1391184,2137,3,0
695334.4716,5669706.442,435.3023481,2137,3,0
695317.6021,5669700.937,438.4655778,2137,3,0
695300.7327,5669695.432,441.6288075,2137,3,0
695283.8632,5669689.927,444.7920372,2137,3,0
695266.9938,5669684.422,447.9552669,2137,3,0
695250.1243,5669678.917,451.1184966,2137,3,0
695233.2549,5669673.412,454.2817263,2137,3,0
695216.3854,5669667.906,457.444956,2137,3,0
695199.516,5669662.401,460.6081857,2137,3,0
695182.6466,5669656.896,463.7714154,2137,3,0
695165.7771,5669651.391,466.9346451,2137,3,0
695148.9077,5669645.886,470.0978748,2137,3,0
695132.0382,5669640.381,473.2611045,2137,3,0
695115.1688,5669634.876,476.4243342,2137,3,0
695098.2993,5669629.371,479.5875639,2137,3,0
695081.4299,5669623.866,482.7507936,2137,3,0
695064.5604,5669618.361,485.9140232,2137,3,0
695047.691,5669612.856,489.0772529,2137,3,0
695030.8215,5669607.351,492.2404826,2137,3,0
695013.9521,5669601.846,495.4037123,2137,3,0
694997.0827,5669596.341,498.566942,2137,3,0
694980.2132,5669590.836,501.7301717,2137,3,0
694963.3438,5669585.331,504.8934014,2137,3,0
694946.4743,5669579.826,508.0566311,2137,3,0
694929.6049,5669574.321,511.2198608,2137,3,0
694912.7354,5669568.816,514.3830905,2137,3,0
694895.866,5669563.311,517.5463202,2137,3,0
694878.9965,5669557.805,520.7095499,2137,3,0
694862.1271,5669552.3,523.8727796,2137,3,0
694845.2576,5669546.795,527.0360093,2137,3,0
694828.3882,5669541.29,530.199239,2137,3,0
694811.5188,5669535.785,533.3624687,2137,3,0
694794.6493,5669530.28,536.5256984,2137,3,0
694777.7799,5669524.775,539.6889281,2137,3,0
694760.9104,5669519.27,542.8521578,2137,3,0
694744.041,5669513.765,546.0153875,2137,3,0
694727.1715,5669508.26,549.1786172,2137,3,0
694710.3021,5669502.755,552.3418469,2137,3,0
694693.4326,5669497.25,555.5050766,2137,3,0
694676.5632,5669491.745,558.6683063,2137,3,0
694659.6937,5669486.24,561.831536,2137,3,0
694642.8243,5669480.735,564.9947657,2137,3,0
694625.9548,5669475.23,568.1579954,2137,3,0
694609.0854,5669469.725,571.3212251,2137,3,0
694592.216,5669464.22,574.4844548,2137,3,0
694575.3465,5669458.715,577.6476845,2137,3,0
694558.4771,5669453.209,580.8109142,2137,3,0
694541.6076,5669447.704,583.9741439,2137,3,0
694524.7382,5669442.199,587.1373736,2137,3,0

696397.4692,5669745.363,100,7548,4,0
696403.9676,5669763.217,100,7548,4,0
696410.466,5669781.072,100,7548,4,0
696416.9644,5669798.926,100,7548,4,0
696423.4628,5669816.78,100,7548,4,0
696429.9612,5669834.634,100,7548,4,0
696436.4595,5669852.488,100,7548,4,0
696417.8881,5669852.018,101.1204489,7548,4,0
696399.3167,5669851.548,102.2408978,7548,4,0
696380.7452,5669851.077,103.3613466,7548,4,0
696362.1738,5669850.607,104.4817955,7548,4,0
696343.6024,5669850.137,105.6022444,7548,4,0
696325.0309,5669849.666,106.7226933,7548,4,0
696306.4595,5669849.196,107.8431422,7548,4,0
696287.8881,5669848.726,108.963591,7548,4,0
696269.3167,5669848.255,110.0840399,7548,4,0
696250.7452,5669847.785,111.2044888,7548,4,0
696232.1738,5669847.315,112.3249377,7548,4,0
696213.6024,5669846.844,113.4453866,7548,4,0
696195.0309,5669846.374,114.5658354,7548,4,0
696176.4595,5669845.904,115.6862843,7548,4,0
696157.8881,5669845.433,116.8067332,7548,4,0
696139.3166,5669844.963,117.9271821,7548,4,0
696120.7452,5669844.493,119.047631,7548,4,0
696102.1738,5669844.023,120.1680798,7548,4,0
696083.6023,5669843.552,121.2885287,7548,4,0
696065.0309,5669843.082,122.4089776,7548,4,0
696046.4595,5669842.612,123.5294265,7548,4,0
696027.888,5669842.141,124.6498754,7548,4,0
696009.3166,5669841.671,125.7703243,7548,4,0
695990.7452,5669841.201,126.8907731,7548,4,0
695972.1737,5669840.73,128.011222,7548,4,0
695953.6023,5669840.26,129.1316709,7548,4,0
695935.0309,5669839.79,130.2521198,7548,4,0
695916.4594,5669839.319,131.3725687,7548,4,0
695897.888,5669838.849,132.4930175,7548,4,0
695879.3166,5669838.379,133.6134664,7548,4,0
695860.7452,5669837.908,134.7339153,7548,4,0
695842.1737,5669837.438,135.8543642,7548,4,0
695823.6023,5669836.968,136.9748131,7548,4,0
695805.0309,5669836.498,138.0952619,7548,4,0
695786.4594,5669836.027,139.2157108,7548,4,0
695767.888,5669835.557,140.3361597,7548,4,0
695749.3166,5669835.087,141.4566086,7548,4,0
695730.7451,5669834.616,142.5770575,7548,4,0
695712.1737,5669834.146,143.6975063,7548,4,0
695693.6023,5669833.676,144.8179552,7548,4,0
695675.0308,5669833.205,145.9384041,7548,4,0
695656.4594,5669832.735,147.058853,7548,4,1
695637.888,5669832.265,148.1793019,7548,4,0
695619.3165,5669831.794,149.2997507,7548,4,0
695600.7451,5669831.324,150.4201996,7548,4,0
695582.1737,5669830.854,151.5406485,7548,4,0
695563.6022,5669830.383,152.6610974,7548,4,0
695545.0308,5669829.913,153.7815463,7548,4,0
695526.4594,5669829.443,154.9019951,7548,4,0
695507.888,5669828.973,156.022444,7548,4,0
695489.3165,5669828.502,157.1428929,7548,4,0
695470.7451,5669828.032,158.2633418,7548,4,0
695452.1737,5669827.562,159.3837907,7548,4,0
695433.6022,5669827.091,160.5042395,7548,4,0
695415.0308,5669826.621,161.6246884,7548,4,0
695396.4594,5669826.151,162.7451373,7548,4,0
695377.8879,5669825.68,163.8655862,7548,4,0
695359.3165,5669825.21,164.9860351,7548,4,0
695340.7451,5669824.74,166.1064839,7548,4,0
695322.1736,5669824.269,167.2269328,7548,4,0
695303.6022,5669823.799,168.3473817,7548,4,0
695285.0308,5669823.329,169.4678306,7548,4,0
695266.4593,5669822.858,170.5882795,7548,4,0
695247.8879,5669822.388,171.7087283,7548,4,0
695229.3165,5669821.918,172.8291772,7548,4,0
695210.745,5669821.448,173.9496261,7548,4,0
695192.1736,5669820.977,175.070075,7548,4,0
695173.6022,5669820.507,176.1905239,7548,4,0
695155.0307,5669820.037,177.3109728,7548,4,0
695136.4593,5669819.566,178.4314216,7548,4,0
695117.8879,5669819.096,179.5518705,7548,4,0
695099.3165,5669818.626,180.6723194,7548,4,0
695080.745,5669818.155,181.7927683,7548,4,0
695062.1736,5669817.685,182.9132172,7548,4,0
695043.6022,5669817.215,184.033666,7548,4,0
695025.0307,5669816.744,185.1541149,7548,4,0
695006.4593,5669816.274,186.2745638,7548,4,0
694987.8879,5669815.804,187.3950127,7548,4,0
694969.3164,5669815.333,188.5154616,7548,4,0
694950.745,5669814.863,189.6359104,7548,4,0
694932.1736,5669814.393,190.7563593,7548,4,0
694913.6021,5669813.923,191.8768082,7548,4,0
694895.0307,5669813.452,192.9972571,7548,4,0
694876.4593,5669812.982,194.117706,7548,4,0
694857.8878,5669812.512,195.2381548,7548,4,0
694839.3164,5669812.041,196.3586037,7548,4,0
694820.745,5669811.571,197.4790526,7548,4,0
694802.1735,5669811.101,198.5995015,7548,4,0
694783.6021,5669810.63,199.7199504,7548,4,0
694765.0307,5669810.16,200.8403992,7548,4,0
694746.4593,5669809.69,201.9608481,7548,4,0
694727.8878,5669809.219,203.081297,7548,4,0

696337.5095,5669766.684,100,3254,2,0
696345.1272,5669784.09,100,3254,2,0
696352.7449,5669801.496,100,3254,2,0
696360.3625,5669818.902,100,3254,2,0
696367.9802,5669836.308,100,3254,2,0
696375.5979,5669853.714,100,3254,2,0
696383.2156,5669871.12,100,3254,2,0
696390.8333,5669888.527,100,3254,2,0
696398.4509,5669905.933,100,3254,2,0
696406.0686,5669923.339,100,3254,2,0
696413.6863,5669940.745,100,3254,2,0
696421.304,5669958.151,100,3254,2,0
696402.489,5669955.538,100.0122637,3254,2,0
696383.674,5669952.926,100.0245275,3254,2,0
696364.859,5669950.314,100.0367912,3254,2,0
696346.044,5669947.702,100.0490549,3254,2,0
696327.229,5669945.089,100.0613186,3254,2,0
696308.414,5669942.477,100.0735824,3254,2,0
696289.599,5669939.865,100.0858461,3254,2,0
696270.784,5669937.252,100.0981098,3254,2,0
696251.969,5669934.64,100.1103735,3254,2,0
696233.154,5669932.028,100.1226373,3254,2,0
696214.339,5669929.415,100.134901,3254,2,0
696195.524,5669926.803,100.1471647,3254,2,0
696176.709,5669924.191,100.1594284,3254,2,0
696157.894,5669921.579,100.1716922,3254,2,0
696139.079,5669918.966,100.1839559,3254,2,0
696120.264,5669916.354,100.1962196,3254,2,0
696101.449,5669913.742,100.2084833,3254,2,0
696082.634,5669911.129,100.2207471,3254,2,0
696063.819,5669908.517,100.2330108,3254,2,0
696045.004,5669905.905,100.2452745,3254,2,0
696026.1891,5669903.292,100.2575383,3254,2,0
696007.3741,5669900.68,100.269802,3254,2,0
695988.5591,5669898.068,100.2820657,3254,2,0
695969.7441,5669895.456,100.2943294,3254,2,0
695950.9291,5669892.843,100.3065932,3254,2,0
695932.1141,5669890.231,100.3188569,3254,2,0
695913.2991,5669887.619,100.3311206,3254,2,0
695894.4841,5669885.006,100.3433843,3254,2,0
695875.6691,5669882.394,100.3556481,3254,2,0
695856.8541,5669879.782,100.3679118,3254,2,0
695838.0391,5669877.169,100.3801755,3254,2,0
695819.2241,5669874.557,100.3924392,3254,2,0
695800.4091,5669871.945,100.404703,3254,2,0
695781.5941,5669869.332,100.4169667,3254,2,0
695762.7791,5669866.72,100.4292304,3254,2,1
695743.9641,5669864.108,100.4414941,3254,2,0
695725.1491,5669861.496,100.4537579,3254,2,0
695706.3341,5669858.883,100.4660216,3254,2,0
695687.5191,5669856.271,100.4782853,3254,2,0
695668.7041,5669853.659,100.4905491,3254,2,0
695649.8891,5669851.046,100.5028128,3254,2,0
695631.0741,5669848.434,100.5150765,3254,2,0
695612.2591,5669845.822,100.5273402,3254,2,0
695593.4441,5669843.209,100.539604,3254,2,0
695574.6291,5669840.597,100.5518677,3254,2,0
695555.8141,5669837.985,100.5641314,3254,2,0
695536.9991,5669835.373,100.5763951,3254,2,0
695518.1841,5669832.76,100.5886589,3254,2,0
695499.3691,5669830.148,100.6009226,3254,2,0
695480.5542,5669827.536,100.6131863,3254,2,0
695461.7392,5669824.923,100.62545,3254,2,0
695442.9242,5669822.311,100.6377138,3254,2,0
695424.1092,5669819.699,100.6499775,3254,2,0
695405.2942,5669817.086,100.6622412,3254,2,0
695386.4792,5669814.474,100.6745049,3254,2,0
695367.6642,5669811.862,100.6867687,3254,2,0
695348.8492,5669809.25,100.6990324,3254,2,0
695330.0342,5669806.637,100.7112961,3254,2,0
695311.2192,5669804.025,100.7235599,3254,2,0
695292.4042,5669801.413,100.7358236,3254,2,0
695273.5892,5669798.8,100.7480873,3254,2,0
695254.7742,5669796.188,100.760351,3254,2,0
695235.9592,5669793.576,100.7726148,3254,2,0
695217.1442,5669790.963,100.7848785,3254,2,0
695198.3292,5669788.351,100.7971422,3254,2,0
695179.5142,5669785.739,100.8094059,3254,2,0
695160.6992,5669783.126,100.8216697,3254,2,0
695141.8842,5669780.514,100.8339334,3254,2,0
695123.0692,5669777.902,100.8461971,3254,2,0
695104.2542,5669775.29,100.8584608,3254,2,0
695085.4392,5669772.677,100.8707246,3254,2,0
695066.6242,5669770.065,100.8829883,3254,2,0
695047.8092,5669767.453,100.895252,3254,2,0
695028.9942,5669764.84,100.9075157,3254,2,0
695010.1792,5669762.228,100.9197795,3254,2,0
694991.3642,5669759.616,100.9320432,3254,2,0
694972.5492,5669757.003,100.9443069,3254,2,0
694953.7343,5669754.391,100.9565707,3254,2,0

696337.5095,5669766.684,100,5375,2,0
696345.1272,5669784.09,100,5375,2,0
696352.7449,5669801.496,100,5375,2,0
696360.3625,5669818.902,100,5375,2,0
696367.9802,5669836.308,100,5375,2,0
696375.5979,5669853.714,100,5375,2,0
696383.2156,5669871.12,100,5375,2,0
696390.8333,5669888.527,100,5375,2,0
696398.4509,5669905.933,100,5375,2,0
696406.0686,5669923.339,100,5375,2,0
696413.6863,5669940.745,100,5375,2,0
696421.304,5669958.151,100,5375,2,0
696402.5405,5669955.477,100.1273057,5375,2,0
696383.7771,5669952.804,100.2546114,5375,2,0
696365.0136,5669950.13,100.3819171,5375,2,0
696346.2502,5669947.457,100.5092228,5375,2,0
696327.4867,5669944.783,100.6365285,5375,2,0
696308.7233,5669942.11,100.7638342,5375,2,0
696289.9598,5669939.436,100.8911399,5375,2,0
696271.1963,5669936.763,101.0184456,5375,2,0
696252.4329,5669934.089,101.1457513,5375,2,0
696233.6694,5669931.416,101.273057,5375,2,0
696214.906,5669928.742,101.4003627,5375,2,0
696196.1425,5669926.069,101.5276684,5375,2,0
696177.3791,5669923.395,101.6549741,5375,2,0
696158.6156,5669920.722,101.7822798,5375,2,0
696139.8522,5669918.048,101.9095855,5375,2,0
696121.0887,5669915.375,102.0368912,5375,2,0
696102.3253,5669912.701,102.1641969,5375,2,0
696083.5618,5669910.028,102.2915026,5375,2,0
696064.7983,5669907.354,102.4188083,5375,2,0
696046.0349,5669904.681,102.546114,5375,2,0
696027.2714,5669902.007,102.6734197,5375,2,0
696008.508,5669899.334,102.8007254,5375,2,0
695989.7445,5669896.66,102.9280311,5375,2,0
695970.9811,5669893.987,103.0553368,5375,2,0
695952.2176,5669891.313,103.1826425,5375,2,0
695933.4542,5669888.64,103.3099482,5375,2,0
695914.6907,5669885.966,103.4372539,5375,2,0
695895.9273,5669883.293,103.5645596,5375,2,0
695877.1638,5669880.619,103.6918653,5375,2,0
695858.4003,5669877.946,103.819171,5375,2,0
695839.6369,5669875.273,103.9464767,5375,2,0
695820.8734,5669872.599,104.0737824,5375,2,0
695802.11,5669869.926,104.2010881,5375,2,0
695783.3465,5669867.252,104.3283938,5375,2,0
695764.5831,5669864.579,104.4556995,5375,2,1
695745.8196,5669861.905,104.5830052,5375,2,0
695727.0562,5669859.232,104.7103109,5375,2,0
695708.2927,5669856.558,104.8376166,5375,2,0
695689.5293,5669853.885,104.9649223,5375,2,0
695670.7658,5669851.211,105.092228,5375,2,0
695652.0024,5669848.538,105.2195337,5375,2,0
695633.2389,5669845.864,105.3468394,5375,2,0
695614.4754,5669843.191,105.4741451,5375,2,0
695595.712,5669840.517,105.6014508,5375,2,0
695576.9485,5669837.844,105.7287565,5375,2,0
695558.1851,5669835.17,105.8560621,5375,2,0
695539.4216,5669832.497,105.9833678,5375,2,0
695520.6582,5669829.823,106.1106735,5375,2,0
695501.8947,5669827.15,106.2379792,5375,2,0
695483.1313,5669824.476,106.3652849,5375,2,0
695464.3678,5669821.803,106.4925906,5375,2,0
695445.6044,5669819.129,106.6198963,5375,2,0
695426.8409,5669816.456,106.747202,5375,2,0
695408.0774,5669813.782,106.8745077,5375,2,0
695389.314,5669811.109,107.0018134,5375,2,0
695370.5505,5669808.435,107.1291191,5375,2,0
695351.7871,5669805.762,107.2564248,5375,2,0
695333.0236,5669803.088,107.3837305,5375,2,0
695314.2602,5669800.415,107.5110362,5375,2,0
695295.4967,5669797.741,107.6383419,5375,2,0
695276.7333,5669795.068,107.7656476,5375,2,0
695257.9698,5669792.394,107.8929533,5375,2,0
695239.2064,5669789.721,108.020259,5375,2,0
695220.4429,5669787.047,108.1475647,5375,2,0
695201.6794,5669784.374,108.2748704,5375,2,0
695182.916,5669781.7,108.4021761,5375,2,0
695164.1525,5669779.027,108.5294818,5375,2,0
695145.3891,5669776.353,108.6567875,5375,2,0
695126.6256,5669773.68,108.7840932,5375,2,0
695107.8622,5669771.006,108.9113989,5375,2,0
695089.0987,5669768.333,109.0387046,5375,2,0
695070.3353,5669765.659,109.1660103,5375,2,0
695051.5718,5669762.986,109.293316,5375,2,0
695032.8084,5669760.312,109.4206217,5375,2,0
695014.0449,5669757.639,109.5479274,5375,2,0
694995.2815,5669754.965,109.6752331,5375,2,0
694976.518,5669752.292,109.8025388,5375,2,0
694957.7545,5669749.618,109.9298445,5375,2,0

696337.5095,5669766.684,100,8069,2,0
696345.1272,5669784.09,100,8069,2,0
696352.7449,5669801.496,100,8069,2,0
696360.3625,5669818.902,100,8069,2,0
696341.7637,5669818.328,101.041711,8069,2,0
696323.1648,5669817.753,102.0834219,8069,2,0
696304.5659,5669817.178,103.1251329,8069,2,0
696285.967,5669816.603,104.1668439,8069,2,0
696267.3681,5669816.028,105.2085548,8069,2,0
696248.7693,5669815.454,106.2502658,8069,2,0
696230.1704,5669814.879,107.2919768,8069,2,0
696211.5715,5669814.304,108.3336877,8069,2,0
696192.9726,5669813.729,109.3753987,8069,2,0
696174.3737,5669813.155,110.4171097,8069,2,0
696155.7749,5669812.58,111.4588206,8069,2,0
696137.176,5669812.005,112.5005316,8069,2,0
696118.5771,5669811.43,113.5422426,8069,2,0
696099.9782,5669810.855,114.5839536,8069,2,0
696081.3793,5669810.281,115.6256645,8069,2,0
696062.7805,5669809.706,116.6673755,8069,2,0
696044.1816,5669809.131,117.7090865,8069,2,0
696025.5827,5669808.556,118.7507974,8069,2,0
696006.9838,5669807.982,119.7925084,8069,2,0
695988.3849,5669807.407,120.8342194,8069,2,0
695969.7861,5669806.832,121.8759303,8069,2,0
695951.1872,5669806.257,122.9176413,8069,2,0
695932.5883,5669805.683,123.9593523,8069,2,0
695913.9894,5669805.108,125.0010632,8069,2,0
695895.3905,5669804.533,126.0427742,8069,2,0
695876.7917,5669803.958,127.0844852,8069,2,0
695858.1928,5669803.383,128.1261961,8069,2,0
695839.5939,5669802.809,129.1679071,8069,2,0
695820.995,5669802.234,130.2096181,8069,2,0
695802.3961,5669801.659,131.251329,8069,2,0
695783.7973,5669801.084,132.29304,8069,2,0
695765.1984,5669800.51,133.334751,8069,2,0
695746.5995,5669799.935,134.3764619,8069,2,0
695728.0006,5669799.36,135.4181729,8069,2,0
695709.4017,5669798.785,136.4598839,8069,2,0
695690.8029,5669798.211,137.5015949,8069,2,0
695672.204,5669797.636,138.5433058,8069,2,0
695653.6051,5669797.061,139.5850168,8069,2,0
695635.0062,5669796.486,140.6267278,8069,2,0
695616.4073,5669795.911,141.6684387,8069,2,0
695597.8085,5669795.337,142.7101497,8069,2,0
695579.2096,5669794.762,143.7518607,8069,2,0
695560.6107,5669794.187,144.7935716,8069,2,0
695542.0118,5669793.612,145.8352826,8069,2,0
695523.4129,5669793.038,146.8769936,8069,2,0
695504.8141,5669792.463,147.9187045,8069,2,1
695486.2152,5669791.888,148.9604155,8069,2,0
695467.6163,5669791.313,150.0021265,8069,2,0
695449.0174,5669790.739,151.0438374,8069,2,0
695430.4185,5669790.164,152.0855484,8069,2,0
695411.8197,5669789.589,153.1272594,8069,2,0
695393.2208,5669789.014,154.1689703,8069,2,0
695374.6219,5669788.439,155.2106813,8069,2,0
695356.023,5669787.865,156.2523923,8069,2,0
695337.4241,5669787.29,157.2941032,8069,2,0
695318.8253,5669786.715,158.3358142,8069,2,0
695300.2264,5669786.14,159.3775252,8069,2,0
695281.6275,5669785.566,160.4192361,8069,2,0
695263.0286,5669784.991,161.4609471,8069,2,0
695244.4297,5669784.416,162.5026581,8069,2,0
695225.8309,5669783.841,163.5443691,8069,2,0
695207.232,5669783.267,164.58608,8069,2,0
695188.6331,5669782.692,165.627791,8069,2,0
695170.0342,5669782.117,166.669502,8069,2,0
695151.4353,5669781.542,167.7112129,8069,2,0
695132.8365,5669780.967,168.7529239,8069,2,0
695114.2376,5669780.393,169.7946349,8069,2,0
695095.6387,5669779.818,170.8363458,8069,2,0
695077.0398,5669779.243,171.8780568,8069,2,0
695058.4409,5669778.668,172.9197678,8069,2,0
695039.8421,5669778.094,173.9614787,8069,2,0
695021.2432,5669777.519,175.0031897,8069,2,0
695002.6443,5669776.944,176.0449007,8069,2,0
694984.0454,5669776.369,177.0866116,8069,2,0
694965.4465,5669775.794,178.1283226,8069,2,0
694946.8477,5669775.22,179.1700336,8069,2,0
694928.2488,5669774.645,180.2117445,8069,2,0
694909.6499,5669774.07,181.2534555,8069,2,0
694891.051,5669773.495,182.2951665,8069,2,0
694872.4521,5669772.921,183.3368774,8069,2,0
694853.8533,5669772.346,184.3785884,8069,2,0
694835.2544,5669771.771,185.4202994,8069,2,0
694816.6555,5669771.196,186.4620104,8069,2,0
694798.0566,5669770.622,187.5037213,8069,2,0
694779.4578,5669770.047,188.5454323,8069,2,0
694760.8589,5669769.472,189.5871433,8069,2,0

697401.3423,5669978.457,100,9498,3,0
697388.6736,5669992.617,100,9498,3,0
697376.005,5670006.777,100,9498,3,0
697363.3364,5670020.937,100,9498,3,0
697350.6678,5670035.097,100,9498,3,0
697337.9992,5670049.257,100,9498,3,0
697325.3306,5670063.417,100,9498,3,0
697312.662,5670077.577,100,9498,3,0
697299.9934,5670091.737,100,9498,3,0
697287.3248,5670105.897,100,9498,3,0
697274.6561,5670120.057,100,9498,3,0
697261.9875,5670134.217,100,9498,3,0
697249.3189,5670148.377,100,9498,3,0
697236.6503,5670162.537,100,9498,3,0
697223.9817,5670176.697,100,9498,3,0
697211.3131,5670190.857,100,9498,3,0
697193.896,5670186.969,102.9279681,9498,3,0
697176.479,5670183.08,105.8559363,9498,3,0
697159.062,5670179.192,108.7839044,9498,3,0
697141.6449,5670175.303,111.7118726,9498,3,0
697124.2279,5670171.415,114.6398407,9498,3,0
697106.8109,5670167.526,117.5678089,9498,3,0
697089.3938,5670163.638,120.495777,9498,3,0
697071.9768,5670159.749,123.4237452,9498,3,0
697054.5597,5670155.861,126.3517133,9498,3,0
697037.1427,5670151.972,129.2796815,9498,3,0
697019.7257,5670148.084,132.2076496,9498,3,0
697002.3086,5670144.195,135.1356178,9498,3,0
696984.8916,5670140.307,138.0635859,9498,3,0
696967.4745,5670136.418,140.9915541,9498,3,0
696950.0575,5670132.53,143.9195222,9498,3,0
696932.6405,5670128.641,146.8474904,9498,3,0
696915.2234,5670124.753,149.7754585,9498,3,0
696897.8064,5670120.864,152.7034267,9498,3,0
696880.3894,5670116.976,155.6313948,9498,3,0
696862.9723,5670113.087,158.559363,9498,3,0
696845.5553,5670109.199,161.4873311,9498,3,0
696828.1382,5670105.31,164.4152992,9498,3,0
696810.7212,5670101.422,167.3432674,9498,3,0
696793.3042,5670097.533,170.2712355,9498,3,0
696775.8871,5670093.645,173.1992037,9498,3,0
696758.4701,5670089.756,176.1271718,9498,3,0
696741.053,5670085.868,179.05514,9498,3,0
696723.636,5670081.979,181.9831081,9498,3,0
696706.219,5670078.091,184.9110763,9498,3,0
696688.8019,5670074.202,187.8390444,9498,3,0
696671.3849,5670070.314,190.7670126,9498,3,0
696653.9679,5670066.425,193.6949807,9498,3,0
696636.5508,5670062.537,196.6229489,9498,3,0
696619.1338,5670058.649,199.550917,9498,3,0
696601.7167,5670054.76,202.4788852,9498,3,0
696584.2997,5670050.872,205.4068533,9498,3,0
696566.8827,5670046.983,208.3348215,9498,3,0
696549.4656,5670043.095,211.2627896,9498,3,0
696532.0486,5670039.206,214.1907578,9498,3,0
696514.6315,5670035.318,217.1187259,9498,3,0
696497.2145,5670031.429,220.046694,9498,3,0
696479.7975,5670027.541,222.9746622,9498,3,0
696462.3804,5670023.652,225.9026303,9498,3,0
696444.9634,5670019.764,228.8305985,9498,3,0
696427.5464,5670015.875,231.7585666,9498,3,0
696410.1293,5670011.987,234.6865348,9498,3,0
696392.7123,5670008.098,237.6145029,9498,3,0
696375.2952,5670004.21,240.5424711,9498,3,0
696357.8782,5670000.321,243.4704392,9498,3,0
696340.4612,5669996.433,246.3984074,9498,3,0
696323.0441,5669992.544,249.3263755,9498,3,0
696305.6271,5669988.656,252.2543437,9498,3,0
696288.21,5669984.767,255.1823118,9498,3,0
696270.793,5669980.879,258.11028,9498,3,0
696253.376,5669976.99,261.0382481,9498,3,0
696235.9589,5669973.102,263.9662163,9498,3,0
696218.5419,5669969.213,266.8941844,9498,3,0
696201.1248,5669965.325,269.8221526,9498,3,0
696183.7078,5669961.436,272.7501207,9498,3,0
696166.2908,5669957.548,275.6780889,9498,3,0
696148.8737,5669953.659,278.606057,9498,3,0
696131.4567,5669949.771,281.5340251,9498,3,0
696114.0397,5669945.882,284.4619933,9498,3,0
696096.6226,5669941.994,287.3899614,9498,3,0
696079.2056,5669938.105,290.3179296,9498,3,0
696061.7885,5669934.217,293.2458977,9498,3,0
696044.3715,5669930.328,296.1738659,9498,3,0
696026.9545,5669926.44,299.101834,9498,3,0
696009.5374,5669922.551,302.0298022,9498,3,0
695992.1204,5669918.663,304.9577703,9498,3,0
695974.7033,5669914.774,307.8857385,9498,3,0
695957.2863,5669910.886,310.8137066,9498,3,0
695939.8693,5669906.997,313.7416748,9498,3,0
695922.4522,5669903.109,316.6696429,9498,3,0
695905.0352,5669899.22,319.5976111,9498,3,1
695887.6182,5669895.332,322.5255792,9498,3,0
695870.2011,5669891.443,325.4535474,9498,3,0
695852.7841,5669887.555,328.3815155,9498,3,0
695835.367,5669883.666,331.3094837,9498,3,0
695817.95,5669879.778,334.2374518,9498,3,0
695800.533,5669875.889,337.1654199,9498,3,0
695783.1159,5669872.001,340.0933881,9498,3,0
695765.6989,5669868.113,343.0213562,9498,3,0
695748.2818,5669864.224,345.9493244,9498,3,0
695730.8648,5669860.336,348.8772925,9498,3,0
695713.4478,5669856.447,351.8052607,9498,3,0
695696.0307,5669852.559,354.7332288,9498,3,0
695678.6137,5669848.67,357.661197,9498,3,0
695661.1967,5669844.782,360.5891651,9498,3,0
695643.7796,5669840.893,363.5171333,9498,3,0
695626.3626,5669837.005,366.4451014,9498,3,0
695608.9455,5669833.116,369.3730696,9498,3,0
695591.5285,5669829.228,372.3010377,9498,3,0
695574.1115,5669825.339,375.2290059,9498,3,0
695556.6944,5669821.451,378.156974,9498,3,0
695539.2774,5669817.562,381.0849422,9498,3,0
695521.8603,5669813.674,384.0129103,9498,3,0
695504.4433,5669809.785,386.9408785,9498,3,0
695487.0263,5669805.897,389.8688466,9498,3,0
695469.6092,5669802.008,392.7968148,9498,3,0
695452.1922,5669798.12,395.7247829,9498,3,0
695434.7752,5669794.231,398.652751,9498,3,0
695417.3581,5669790.343,401.5807192,9498,3,0
695399.9411,5669786.454,404.5086873,9498,3,0
695382.524,5669782.566,407.4366555,9498,3,0
695365.107,5669778.677,410.3646236,9498,3,0
695347.69,5669774.789,413.2925918,9498,3,0
695330.2729,5669770.9,416.2205599,9498,3,0
695312.8559,5669767.012,419.1485281,9498,3,0
695295.4388,5669763.123,422.0764962,9498,3,0
695278.0218,5669759.235,425.0044644,9498,3,0
695260.6048,5669755.346,427.9324325,9498,3,0
695243.1877,5669751.458,430.8604007,9498,3,0
695225.7707,5669747.569,433.7883688,9498,3,0
695208.3536,5669743.681,436.716337,9498,3,0
695190.9366,5669739.792,439.6443051,9498,3,0
695173.5196,5669735.904,442.5722733,9498,3,0
695156.1025,5669732.015,445.5002414,9498,3,0
695138.6855,5669728.127,448.4282096,9498,3,0
695121.2685,5669724.238,451.3561777,9498,3,0
695103.8514,5669720.35,454.2841458,9498,3,0
695086.4344,5669716.461,457.212114,9498,3,0
695069.0173,5669712.573,460.1400821,9498,3,0
695051.6003,5669708.684,463.0680503,9498,3,0
695034.1833,5669704.796,465.9960184,9498,3,0
695016.7662,5669700.907,468.9239866,9498,3,0
694999.3492,5669697.019,471.8519547,9498,3,0
694981.9321,5669693.13,474.7799229,9498,3,0
694964.5151,5669689.242,477.707891,9498,3,0
694947.0981,5669685.353,480.6358592,9498,3,0
694929.681,5669681.465,483.5638273,9498,3,0
694912.264,5669677.577,486.4917955,9498,3,0
694894.847,5669673.688,489.4197636,9498,3,0
694877.4299,5669669.8,492.3477318,9498,3,0
694860.0129,5669665.911,495.2756999,9498,3,0
694842.5958,5669662.023,498.2036681,9498,3,0
694825.1788,5669658.134,501.1316362,9498,3,0
694807.7618,5669654.246,504.0596044,9498,3,0
694790.3447,5669650.357,506.9875725,9498,3,0
694772.9277,5669646.469,509.9155407,9498,3,0
694755.5106,5669642.58,512.8435088,9498,3,0
694738.0936,5669638.692,515.7714769,9498,3,0
694720.6766,5669634.803,518.6994451,9498,3,0
694703.2595,5669630.915,521.6274132,9498,3,0
694685.8425,5669627.026,524.5553814,9498,3,0
694668.4255,5669623.138,527.4833495,9498,3,0
694651.0084,5669619.249,530.4113177,9498,3,0
694633.5914,5669615.361,533.3392858,9498,3,0
694616.1743,5669611.472,536.267254,9498,3,0
694598.7573,5669607.584,539.1952221,9498,3,0
694581.3403,5669603.695,542.1231903,9498,3,0
694563.9232,5669599.807,545.0511584,9498,3,0
694546.5062,5669595.918,547.9791266,9498,3,0
694529.0891,5669592.03,550.9070947,9498,3,0
694511.6721,5669588.141,553.8350629,9498,3,0
694494.2551,5669584.253,556.763031,9498,3,0
694476.838,5669580.364,559.6909992,9498,3,0
694459.421,5669576.476,562.6189673,9498,3,0
694442.004,5669572.587,565.5469355,9498,3,0
694424.5869,5669568.699,568.4749036,9498,3,0
694407.1699,5669564.81,571.4028717,9498,3,0

696837.7714,5669706.357,100,2981,3,0
696835.9653,5669725.271,100,2981,3,0
696834.1592,5669744.185,100,2981,3,0
696832.3532,5669763.099,100,2981,3,0
696830.5471,5669782.013,100,2981,3,0
696828.741,5669800.927,100,2981,3,0
696826.935,5669819.841,100,2981,3,0
696825.1289,5669838.755,100,2981,3,0
696823.3228,5669857.669,100,2981,3,0
696821.5168,5669876.583,100,2981,3,0
696819.7107,5669895.497,100,2981,3,0
696817.9047,5669914.411,100,2981,3,0
696816.0986,5669933.325,100,2981,3,0
696814.2925,5669952.239,100,2981,3,0
696812.4865,5669971.153,100,2981,3,0
696810.6804,5669990.067,100,2981,3,0
696793.1687,5669987.355,103.2200015,2981,3,0
696775.6571,5669984.643,106.440003,2981,3,0
696758.1454,5669981.931,109.6600045,2981,3,0
696740.6338,5669979.219,112.8800059,2981,3,0
696723.1221,5669976.507,116.1000074,2981,3,0
696705.6105,5669973.795,119.3200089,2981,3,0
696688.0988,5669971.084,122.5400104,2981,3,0
696670.5871,5669968.372,125.7600119,2981,3,0
696653.0755,5669965.66,128.9800134,2981,3,0
696635.5638,5669962.948,132.2000148,2981,3,0
696618.0522,5669960.236,135.4200163,2981,3,0
696600.5405,5669957.524,138.6400178,2981,3,0
696583.0289,5669954.812,141.8600193,2981,3,0
696565.5172,5669952.1,145.0800208,2981,3,0
696548.0055,5669949.388,148.3000223,2981,3,0
696530.4939,5669946.676,151.5200237,2981,3,0
696512.9822,5669943.965,154.7400252,2981,3,0
696495.4706,5669941.253,157.9600267,2981,3,0
696477.9589,5669938.541,161.1800282,2981,3,0
696460.4473,5669935.829,164.4000297,2981,3,0
696442.9356,5669933.117,167.6200312,2981,3,0
696425.424,5669930.405,170.8400326,2981,3,0
696407.9123,5669927.693,174.0600341,2981,3,0
696390.4006,5669924.981,177.2800356,2981,3,0
696372.889,5669922.269,180.5000371,2981,3,0
696355.3773,5669919.558,183.7200386,2981,3,0
696337.8657,5669916.846,186.9400401,2981,3,0
696320.354,5669914.134,190.1600415,2981,3,0
696302.8424,5669911.422,193.380043,2981,3,0
696285.3307,5669908.71,196.6000445,2981,3,0
696267.819,5669905.998,199.820046,2981,3,0
696250.3074,5669903.286,203.0400475,2981,3,0
696232.7957,5669900.574,206.260049,2981,3,0
696215.2841,5669897.862,209.4800504,2981,3,0
696197.7724,5669895.15,212.7000519,2981,3,0
696180.2608,5669892.439,215.9200534,2981,3,0
696162.7491,5669889.727,219.1400549,2981,3,0
696145.2374,5669887.015,222.3600564,2981,3,0
696127.7258,5669884.303,225.5800579,2981,3,0
696110.2141,5669881.591,228.8000593,2981,3,0
696092.7025,5669878.879,232.0200608,2981,3,0
696075.1908,5669876.167,235.2400623,2981,3,0
696057.6792,5669873.455,238.4600638,2981,3,0
696040.1675,5669870.743,241.6800653,2981,3,0
696022.6559,5669868.031,244.9000668,2981,3,0
696005.1442,5669865.32,248.1200682,2981,3,0
695987.6325,5669862.608,251.3400697,2981,3,0
695970.1209,5669859.896,254.5600712,2981,3,0
695952.6092,5669857.184,257.7800727,2981,3,0
695935.0976,5669854.472,261.0000742,2981,3,0
695917.5859,5669851.76,264.2200757,2981,3,0
695900.0743,5669849.048,267.4400771,2981,3,0
695882.5626,5669846.336,270.6600786,2981,3,0
695865.0509,5669843.624,273.8800801,2981,3,0
695847.5393,5669840.912,277.1000816,2981,3,0
695830.0276,5669838.201,280.3200831,2981,3,0
695812.516,5669835.489,283.5400846,2981,3,0
695795.0043,5669832.777,286.760086,2981,3,0
695777.4927,5669830.065,289.9800875,2981,3,0
695759.981,5669827.353,293.200089,2981,3,0
695742.4693,5669824.641,296.4200905,2981,3,0
695724.9577,5669821.929,299.640092,2981,3,0
695707.446,5669819.217,302.8600935,2981,3,0
695689.9344,5669816.505,306.0800949,2981,3,0
695672.4227,5669813.793,309.3000964,2981,3,0
695654.9111,5669811.082,312.5200979,2981,3,0
695637.3994,5669808.37,315.7400994,2981,3,0
695619.8878,5669805.658,318.9601009,2981,3,0
695602.3761,5669802.946,322.1801024,2981,3,0
695584.8644,5669800.234,325.4001038,2981,3,0
695567.3528,5669797.522,328.6201053,2981,3,0
695549.8411,5669794.81,331.8401068,2981,3,0
695532.3295,5669792.098,335.0601083,2981,3,0
695514.8178,5669789.386,338.2801098,2981,3,0
695497.3062,5669786.674,341.5001113,2981,3,0
695479.7945,5669783.963,344.7201127,2981,3,0
695462.2828,5669781.251,347.9401142,2981,3,0
695444.7712,5669778.539,351.1601157,2981,3,0
695427.2595,5669775.827,354.3801172,2981,3,0
695409.7479,5669773.115,357.6001187,2981,3,0
695392.2362,5669770.403,360.8201202,2981,3,1
695374.7246,5669767.691,364.0401216,2981,3,0
695357.2129,5669764.979,367.2601231,2981,3,0
695339.7012,5669762.267,370.4801246,2981,3,0
695322.1896,5669759.555,373.7001261,2981,3,0
695304.6779,5669756.844,376.9201276,2981,3,0
695287.1663,5669754.132,380.1401291,2981,3,0
695269.6546,5669751.42,383.3601305,2981,3,0
695252.143,5669748.708,386.580132,2981,3,0
695234.6313,5669745.996,389.8001335,2981,3,0
695217.1197,5669743.284,393.020135,2981,3,0
695199.608,5669740.572,396.2401365,2981,3,0
695182.0963,5669737.86,399.460138,2981,3,0
695164.5847,5669735.148,402.6801394,2981,3,0
695147.073,5669732.437,405.9001409,2981,3,0
695129.5614,5669729.725,409.1201424,2981,3,0
695112.0497,5669727.013,412.3401439,2981,3,0
695094.5381,5669724.301,415.5601454,2981,3,0
695077.0264,5669721.589,418.7801469,2981,3,0
695059.5147,5669718.877,422.0001483,2981,3,0
695042.0031,5669716.165,425.2201498,2981,3,0
695024.4914,5669713.453,428.4401513,2981,3,0
695006.9798,5669710.741,431.6601528,2981,3,0
694989.4681,5669708.029,434.8801543,2981,3,0
694971.9565,5669705.318,438.1001558,2981,3,0
694954.4448,5669702.606,441.3201572,2981,3,0
694936.9331,5669699.894,444.5401587,2981,3,0
694919.4215,5669697.182,447.7601602,2981,3,0
694901.9098,5669694.47,450.9801617,2981,3,0
694884.3982,5669691.758,454.2001632,2981,3,0
694866.8865,5669689.046,457.4201647,2981,3,0
694849.3749,5669686.334,460.6401661,2981,3,0
694831.8632,5669683.622,463.8601676,2981,3,0
694814.3516,5669680.91,467.0801691,2981,3,0
694796.8399,5669678.199,470.3001706,2981,3,0
694779.3282,5669675.487,473.5201721,2981,3,0
694761.8166,5669672.775,476.7401736,2981,3,0
694744.3049,5669670.063,479.960175,2981,3,0
694726.7933,5669667.351,483.1801765,2981,3,0
694709.2816,5669664.639,486.400178,2981,3,0
694691.77,5669661.927,489.6201795,2981,3,0
694674.2583,5669659.215,492.840181,2981,3,0
694656.7466,5669656.503,496.0601825,2981,3,0
694639.235,5669653.791,499.2801839,2981,3,0
694621.7233,5669651.08,502.5001854,2981,3,0
694604.2117,5669648.368,505.7201869,2981,3,0
694586.7,5669645.656,508.9401884,2981,3,0
694569.1884,5669642.944,512.1601899,2981,3,0
694551.6767,5669640.232,515.3801914,2981,3,0
694534.165,5669637.52,518.6001928,2981,3,0
694516.6534,5669634.808,521.8201943,2981,3,0
694499.1417,5669632.096,525.0401958,2981,3,0
694481.6301,5669629.384,528.2601973,2981,3,0
694464.1184,5669626.672,531.4801988,2981,3,0
694446.6068,5669623.961,534.7002003,2981,3,0
694429.0951,5669621.249,537.9202017,2981,3,0
694411.5835,5669618.537,541.1402032,2981,3,0
694394.0718,5669615.825,544.3602047,2981,3,0
694376.5601,5669613.113,547.5802062,2981,3,0
694359.0485,5669610.401,550.8002077,2981,3,0
694341.5368,5669607.689,554.0202092,2981,3,0
694324.0252,5669604.977,557.2402106,2981,3,0
694306.5135,5669602.265,560.4602121,2981,3,0
694289.0019,5669599.553,563.6802136,2981,3,0
694271.4902,5669596.842,566.9002151,2981,3,0
694253.9785,5669594.13,570.1202166,2981,3,0
694236.4669,5669591.418,573.3402181,2981,3,0
694218.9552,5669588.706,576.5602195,2981,3,0
694201.4436,5669585.994,579.780221,2981,3,0
694183.9319,5669583.282,583.0002225,2981,3,0
694166.4203,5669580.57,586.220224,2981,3,0
694148.9086,5669577.858,589.4402255,2981,3,0
694131.3969,5669575.146,592.660227,2981,3,0
694113.8853,5669572.434,595.8802284,2981,3,0
694096.3736,5669569.723,599.1002299,2981,3,0
694078.862,5669567.011,602.3202314,2981,3,0
694061.3503,5669564.299,605.5402329,2981,3,0
694043.8387,5669561.587,608.7602344,2981,3,0
694026.327,5669558.875,611.9802359,2981,3,0
694008.8154,5669556.163,615.2002373,2981,3,0
693991.3037,5669553.451,618.4202388,2981,3,0

20