676836.5946,5704422.787,100,361,0
676827.8882,5704439.675,100,361,0
676819.1819,5704456.563,100,361,0
676810.4756,5704473.45,100,361,0
676801.7693,5704490.338,100,361,0
676783.2356,5704492.232,100.9832355,361,0
676764.7018,5704494.125,101.966471,361,0
676746.168,5704496.019,102.9497065,361,0
676727.6343,5704497.913,103.932942,361,0
676709.1005,5704499.806,104.9161775,361,0
676690.5667,5704501.7,105.899413,361,0
676672.033,5704503.593,106.8826485,361,0
676653.4992,5704505.487,107.865884,361,0
676634.9655,5704507.38,108.8491195,361,0
676616.4317,5704509.274,109.832355,361,0
676597.8979,5704511.168,110.8155905,361,0
676579.3642,5704513.061,111.7988261,361,0
676560.8304,5704514.955,112.7820616,361,0
676542.2966,5704516.848,113.7652971,361,0
676523.7629,5704518.742,114.7485326,361,0
676505.2291,5704520.635,115.7317681,361,0
676486.6953,5704522.529,116.7150036,361,0
676468.1616,5704524.423,117.6982391,361,0
676449.6278,5704526.316,118.6814746,361,0
676431.094,5704528.21,119.6647101,361,0
676412.5603,5704530.103,120.6479456,361,0
676394.0265,5704531.997,121.6311811,361,0
676375.4927,5704533.89,122.6144166,361,0
676356.959,5704535.784,123.5976521,361,0
676338.4252,5704537.678,124.5808876,361,0
676319.8915,5704539.571,125.5641231,361,0
676301.3577,5704541.465,126.5473586,361,0
676282.8239,5704543.358,127.5305941,361,0
676264.2902,5704545.252,128.5138296,361,0
676245.7564,5704547.145,129.4970651,361,0
676227.2226,5704549.039,130.4803006,361,0
676208.6889,5704550.933,131.4635361,361,0
676190.1551,5704552.826,132.4467716,361,0
676171.6213,5704554.72,133.4300071,361,0
676153.0876,5704556.613,134.4132426,361,0
676134.5538,5704558.507,135.3964782,361,0
676116.02,5704560.4,136.3797137,361,0
676097.4863,5704562.294,137.3629492,361,0
676078.9525,5704564.188,138.3461847,361,0
676060.4187,5704566.081,139.3294202,361,0
676041.885,5704567.975,140.3126557,361,1
676023.3512,5704569.868,141.2958912,361,0
676004.8175,5704571.762,142.2791267,361,0
675986.2837,5704573.655,143.2623622,361,0
675967.7499,5704575.549,144.2455977,361,0
675949.2162,5704577.443,145.2288332,361,0
675930.6824,5704579.336,146.2120687,361,0
675912.1486,5704581.23,147.1953042,361,0
675893.6149,5704583.123,148.1785397,361,0
675875.0811,5704585.017,149.1617752,361,0
675856.5473,5704586.91,150.1450107,361,0
675838.0136,5704588.804,151.1282462,361,0
675819.4798,5704590.698,152.1114817,361,0
675800.946,5704592.591,153.0947172,361,0
675782.4123,5704594.485,154.0779527,361,0
675763.8785,5704596.378,155.0611882,361,0
675745.3447,5704598.272,156.0444237,361,0
675726.811,5704600.165,157.0276592,361,0
675708.2772,5704602.059,158.0108947,361,0
675689.7434,5704603.953,158.9941303,361,0
675671.2097,5704605.846,159.9773658,361,0
675652.6759,5704607.74,160.9606013,361,0
675634.1422,5704609.633,161.9438368,361,0
675615.6084,5704611.527,162.9270723,361,0
675597.0746,5704613.42,163.9103078,361,0
675578.5409,5704615.314,164.8935433,361,0
675560.0071,5704617.208,165.8767788,361,0
675541.4733,5704619.101,166.8600143,361,0
675522.9396,5704620.995,167.8432498,361,0
675504.4058,5704622.888,168.8264853,361,0
675485.872,5704624.782,169.8097208,361,0
675467.3383,5704626.675,170.7929563,361,0
675448.8045,5704628.569,171.7761918,361,0
675430.2707,5704630.462,172.7594273,361,0
675411.737,5704632.356,173.7426628,361,0
675393.2032,5704634.25,174.7258983,361,0
675374.6694,5704636.143,175.7091338,361,0
675356.1357,5704638.037,176.6923693,361,0
675337.6019,5704639.93,177.6756048,361,0
675319.0682,5704641.824,178.6588403,361,0
675300.5344,5704643.717,179.6420758,361,0
675282.0006,5704645.611,180.6253113,361,0
675263.4669,5704647.505,181.6085468,361,0
675244.9331,5704649.398,182.5917824,361,0
675226.3993,5704651.292,183.5750179,361,0
675207.8656,5704653.185,184.5582534,361,0
675189.3318,5704655.079,185.5414889,361,0
675170.798,5704656.972,186.5247244,361,0
675152.2643,5704658.866,187.5079599,361,0
675133.7305,5704660.76,188.4911954,361,0
675115.1967,5704662.653,189.4744309,361,0
675096.663,5704664.547,190.4576664,361,0
675078.1292,5704666.44,191.4409019,361,0
675059.5954,5704668.334,192.4241374,361,0
675041.0617,5704670.227,193.4073729,361,0
675022.5279,5704672.121,194.3906084,361,0
675003.9942,5704674.015,195.3738439,361,0
674985.4604,5704675.908,196.3570794,361,0
674966.9266,5704677.802,197.3403149,361,0
674948.3929,5704679.695,198.3235504,361,0

676836.5946,5704422.787,100,1113,0
676827.8882,5704439.675,100,1113,0
676819.1819,5704456.563,100,1113,0
676810.4756,5704473.45,100,1113,0
676801.7693,5704490.338,100,1113,0
676793.063,5704507.226,100,1113,0
676784.3567,5704524.114,100,1113,0
676775.6504,5704541.002,100,1113,0
676766.9441,5704557.89,100,1113,0
676758.2378,5704574.778,100,1113,0
676749.5315,5704591.666,100,1113,0
676730.8227,5704591.033,100.7496393,1113,0
676712.1139,5704590.401,101.4992786,1113,0
676693.4051,5704589.768,102.2489179,1113,0
676674.6963,5704589.136,102.9985572,1113,0
676655.9875,5704588.503,103.7481965,1113,0
676637.2787,5704587.871,104.4978358,1113,0
676618.5699,5704587.238,105.2474751,1113,0
676599.8611,5704586.606,105.9971144,1113,0
676581.1523,5704585.974,106.7467537,1113,0
676562.4435,5704585.341,107.4963929,1113,0
676543.7347,5704584.709,108.2460322,1113,0
676525.0259,5704584.076,108.9956715,1113,0
676506.3171,5704583.444,109.7453108,1113,0
676487.6083,5704582.811,110.4949501,1113,0
676468.8995,5704582.179,111.2445894,1113,0
676450.1906,5704581.547,111.9942287,1113,0
676431.4818,5704580.914,112.743868,1113,0
676412.773,5704580.282,113.4935073,1113,0
676394.0642,5704579.649,114.2431466,1113,0
676375.3554,5704579.017,114.9927859,1113,0
676356.6466,5704578.384,115.7424252,1113,0
676337.9378,5704577.752,116.4920645,1113,0
676319.229,5704577.119,117.2417038,1113,0
676300.5202,5704576.487,117.9913431,1113,0
676281.8114,5704575.855,118.7409824,1113,0
676263.1026,5704575.222,119.4906217,1113,0
676244.3938,5704574.59,120.240261,1113,0
676225.685,5704573.957,120.9899003,1113,0
676206.9762,5704573.325,121.7395396,1113,0
676188.2674,5704572.692,122.4891788,1113,0
676169.5586,5704572.06,123.2388181,1113,0
676150.8498,5704571.427,123.9884574,1113,0
676132.141,5704570.795,124.7380967,1113,0
676113.4322,5704570.163,125.487736,1113,1
676094.7234,5704569.53,126.2373753,1113,0
676076.0146,5704568.898,126.9870146,1113,0
676057.3058,5704568.265,127.7366539,1113,0
676038.597,5704567.633,128.4862932,1113,0
676019.8882,5704567,129.2359325,1113,0
676001.1794,5704566.368,129.9855718,1113,0
675982.4705,5704565.735,130.7352111,1113,0
675963.7617,5704565.103,131.4848504,1113,0
675945.0529,5704564.471,132.2344897,1113,0
675926.3441,5704563.838,132.984129,1113,0
675907.6353,5704563.206,133.7337683,1113,0
675888.9265,5704562.573,134.4834076,1113,0
675870.2177,5704561.941,135.2330469,1113,0
675851.5089,5704561.308,135.9826862,1113,0
675832.8001,5704560.676,136.7323254,1113,0
675814.0913,5704560.043,137.4819647,1113,0
675795.3825,5704559.411,138.231604,1113,0
675776.6737,5704558.779,138.9812433,1113,0
675757.9649,5704558.146,139.7308826,1113,0
675739.2561,5704557.514,140.4805219,1113,0
675720.5473,5704556.881,141.2301612,1113,0
675701.8385,5704556.249,141.9798005,1113,0
675683.1297,5704555.616,142.7294398,1113,0
675664.4209,5704554.984,143.4790791,1113,0
675645.7121,5704554.352,144.2287184,1113,0
675627.0033,5704553.719,144.9783577,1113,0
675608.2945,5704553.087,145.727997,1113,0
675589.5857,5704552.454,146.4776363,1113,0
675570.8769,5704551.822,147.2272756,1113,0
675552.1681,5704551.189,147.9769149,1113,0
675533.4593,5704550.557,148.7265542,1113,0
675514.7504,5704549.924,149.4761935,1113,0
675496.0416,5704549.292,150.2258328,1113,0
675477.3328,5704548.66,150.9754721,1113,0
675458.624,5704548.027,151.7251113,1113,0
675439.9152,5704547.395,152.4747506,1113,0
675421.2064,5704546.762,153.2243899,1113,0
675402.4976,5704546.13,153.9740292,1113,0
675383.7888,5704545.497,154.7236685,1113,0
675365.08,5704544.865,155.4733078,1113,0
675346.3712,5704544.232,156.2229471,1113,0
675327.6624,5704543.6,156.9725864,1113,0
675308.9536,5704542.968,157.7222257,1113,0
675290.2448,5704542.335,158.471865,1113,0
675271.536,5704541.703,159.2215043,1113,0
675252.8272,5704541.07,159.9711436,1113,0
675234.1184,5704540.438,160.7207829,1113,0
675215.4096,5704539.805,161.4704222,1113,0
675196.7008,5704539.173,162.2200615,1113,0
675177.992,5704538.54,162.9697008,1113,0
675159.2832,5704537.908,163.7193401,1113,0
675140.5744,5704537.276,164.4689794,1113,0
675121.8656,5704536.643,165.2186187,1113,0
675103.1568,5704536.011,165.9682579,1113,0
675084.448,5704535.378,166.7178972,1113,0
675065.7391,5704534.746,167.4675365,1113,0
675047.0303,5704534.113,168.2171758,1113,0
675028.3215,5704533.481,168.9668151,1113,0
675009.6127,5704532.848,169.7164544,1113,0
674990.9039,5704532.216,170.4660937,1113,0

676721.8551,5704367.891,100,561,0
676715.3567,5704385.746,100,561,0
676708.8584,5704403.6,100,561,0
676702.36,5704421.454,100,561,0
676695.8616,5704439.308,100,561,0
676689.3632,5704457.162,100,561,0
676682.8648,5704475.016,100,561,0
676676.3664,5704492.871,100,561,0
676657.9948,5704494.701,101.4153942,561,0
676639.6231,5704496.531,102.8307884,561,0
676621.2514,5704498.361,104.2461826,561,0
676602.8797,5704500.191,105.6615768,561,0
676584.5081,5704502.022,107.076971,561,0
676566.1364,5704503.852,108.4923652,561,0
676547.7647,5704505.682,109.9077595,561,0
676529.393,5704507.512,111.3231537,561,0
676511.0213,5704509.342,112.7385479,561,0
676492.6497,5704511.173,114.1539421,561,0
676474.278,5704513.003,115.5693363,561,0
676455.9063,5704514.833,116.9847305,561,0
676437.5346,5704516.663,118.4001247,561,0
676419.1629,5704518.494,119.8155189,561,0
676400.7913,5704520.324,121.2309131,561,0
676382.4196,5704522.154,122.6463073,561,0
676364.0479,5704523.984,124.0617015,561,0
676345.6762,5704525.814,125.4770957,561,0
676327.3045,5704527.645,126.89249,561,0
676308.9329,5704529.475,128.3078842,561,0
676290.5612,5704531.305,129.7232784,561,0
676272.1895,5704533.135,131.1386726,561,0
676253.8178,5704534.965,132.5540668,561,0
676235.4461,5704536.796,133.969461,561,0
676217.0745,5704538.626,135.3848552,561,0
676198.7028,5704540.456,136.8002494,561,0
676180.3311,5704542.286,138.2156436,561,0
676161.9594,5704544.116,139.6310378,561,0
676143.5878,5704545.947,141.046432,561,0
676125.2161,5704547.777,142.4618262,561,0
676106.8444,5704549.607,143.8772204,561,0
676088.4727,5704551.437,145.2926147,561,0
676070.101,5704553.267,146.7080089,561,0
676051.7294,5704555.098,148.1234031,561,0
676033.3577,5704556.928,149.5387973,561,0
676014.986,5704558.758,150.9541915,561,0
675996.6143,5704560.588,152.3695857,561,0
675978.2426,5704562.419,153.7849799,561,0
675959.871,5704564.249,155.2003741,561,1
675941.4993,5704566.079,156.6157683,561,0
675923.1276,5704567.909,158.0311625,561,0
675904.7559,5704569.739,159.4465567,561,0
675886.3842,5704571.57,160.8619509,561,0
675868.0126,5704573.4,162.2773451,561,0
675849.6409,5704575.23,163.6927394,561,0
675831.2692,5704577.06,165.1081336,561,0
675812.8975,5704578.89,166.5235278,561,0
675794.5258,5704580.721,167.938922,561,0
675776.1542,5704582.551,169.3543162,561,0
675757.7825,5704584.381,170.7697104,561,0
675739.4108,5704586.211,172.1851046,561,0
675721.0391,5704588.041,173.6004988,561,0
675702.6675,5704589.872,175.015893,561,0
675684.2958,5704591.702,176.4312872,561,0
675665.9241,5704593.532,177.8466814,561,0
675647.5524,5704595.362,179.2620756,561,0
675629.1807,5704597.192,180.6774699,561,0
675610.8091,5704599.023,182.0928641,561,0
675592.4374,5704600.853,183.5082583,561,0
675574.0657,5704602.683,184.9236525,561,0
675555.694,5704604.513,186.3390467,561,0
675537.3223,5704606.344,187.7544409,561,0
675518.9507,5704608.174,189.1698351,561,0
675500.579,5704610.004,190.5852293,561,0
675482.2073,5704611.834,192.0006235,561,0
675463.8356,5704613.664,193.4160177,561,0
675445.4639,5704615.495,194.8314119,561,0
675427.0923,5704617.325,196.2468061,561,0
675408.7206,5704619.155,197.6622003,561,0
675390.3489,5704620.985,199.0775946,561,0
675371.9772,5704622.815,200.4929888,561,0
675353.6055,5704624.646,201.908383,561,0
675335.2339,5704626.476,203.3237772,561,0
675316.8622,5704628.306,204.7391714,561,0
675298.4905,5704630.136,206.1545656,561,0
675280.1188,5704631.966,207.5699598,561,0
675261.7472,5704633.797,208.985354,561,0
675243.3755,5704635.627,210.4007482,561,0
675225.0038,5704637.457,211.8161424,561,0
675206.6321,5704639.287,213.2315366,561,0
675188.2604,5704641.117,214.6469308,561,0
675169.8888,5704642.948,216.0623251,561,0
675151.5171,5704644.778,217.4777193,561,0
675133.1454,5704646.608,218.8931135,561,0
675114.7737,5704648.438,220.3085077,561,0
675096.402,5704650.269,221.7239019,561,0
675078.0304,5704652.099,223.1392961,561,0
675059.6587,5704653.929,224.5546903,561,0
675041.287,5704655.759,225.9700845,561,0
675022.9153,5704657.589,227.3854787,561,0
675004.5436,5704659.42,228.8008729,561,0
674986.172,5704661.25,230.2162671,561,0
674967.8003,5704663.08,231.6316613,561,0
674949.4286,5704664.91,233.0470555,561,0
674931.0569,5704666.74,234.4624498,561,0
674912.6852,5704668.571,235.877844,561,0
674894.3136,5704670.401,237.2932382,561,0

676662.1002,5704345.996,100,8512,0
676656.7473,5704364.226,100,8512,0
676651.3944,5704382.457,100,8512,0
676646.0415,5704400.687,100,8512,0
676640.6886,5704418.917,100,8512,0
676635.3356,5704437.148,100,8512,0
676629.9827,5704455.378,100,8512,0
676624.6298,5704473.608,100,8512,0
676619.2769,5704491.839,100,8512,0
676613.924,5704510.069,100,8512,0
676608.571,5704528.299,100,8512,0
676603.2181,5704546.53,100,8512,0
676584.7883,5704546.968,101.4856159,8512,0
676566.3584,5704547.406,102.9712317,8512,0
676547.9286,5704547.845,104.4568476,8512,0
676529.4987,5704548.283,105.9424635,8512,0
676511.0689,5704548.721,107.4280793,8512,0
676492.6391,5704549.159,108.9136952,8512,0
676474.2092,5704549.598,110.3993111,8512,0
676455.7794,5704550.036,111.884927,8512,0
676437.3495,5704550.474,113.3705428,8512,0
676418.9197,5704550.912,114.8561587,8512,0
676400.4898,5704551.351,116.3417746,8512,0
676382.06,5704551.789,117.8273904,8512,0
676363.6301,5704552.227,119.3130063,8512,0
676345.2003,5704552.665,120.7986222,8512,0
676326.7705,5704553.104,122.284238,8512,0
676308.3406,5704553.542,123.7698539,8512,0
676289.9108,5704553.98,125.2554698,8512,0
676271.4809,5704554.418,126.7410857,8512,0
676253.0511,5704554.857,128.2267015,8512,0
676234.6212,5704555.295,129.7123174,8512,0
676216.1914,5704555.733,131.1979333,8512,0
676197.7615,5704556.171,132.6835491,8512,0
676179.3317,5704556.61,134.169165,8512,0
676160.9018,5704557.048,135.6547809,8512,0
676142.472,5704557.486,137.1403967,8512,0
676124.0422,5704557.924,138.6260126,8512,0
676105.6123,5704558.363,140.1116285,8512,0
676087.1825,5704558.801,141.5972444,8512,0
676068.7526,5704559.239,143.0828602,8512,0
676050.3228,5704559.677,144.5684761,8512,0
676031.8929,5704560.116,146.054092,8512,0
676013.4631,5704560.554,147.5397078,8512,0
675995.0332,5704560.992,149.0253237,8512,0
675976.6034,5704561.43,150.5109396,8512,0
675958.1735,5704561.869,151.9965554,8512,1
675939.7437,5704562.307,153.4821713,8512,0
675921.3139,5704562.745,154.9677872,8512,0
675902.884,5704563.183,156.453403,8512,0
675884.4542,5704563.622,157.9390189,8512,0
675866.0243,5704564.06,159.4246348,8512,0
675847.5945,5704564.498,160.9102507,8512,0
675829.1646,5704564.936,162.3958665,8512,0
675810.7348,5704565.375,163.8814824,8512,0
675792.3049,5704565.813,165.3670983,8512,0
675773.8751,5704566.251,166.8527141,8512,0
675755.4453,5704566.689,168.33833,8512,0
675737.0154,5704567.128,169.8239459,8512,0
675718.5856,5704567.566,171.3095617,8512,0
675700.1557,5704568.004,172.7951776,8512,0
675681.7259,5704568.442,174.2807935,8512,0
675663.296,5704568.881,175.7664094,8512,0
675644.8662,5704569.319,177.2520252,8512,0
675626.4363,5704569.757,178.7376411,8512,0
675608.0065,5704570.195,180.223257,8512,0
675589.5766,5704570.634,181.7088728,8512,0
675571.1468,5704571.072,183.1944887,8512,0
675552.717,5704571.51,184.6801046,8512,0
675534.2871,5704571.948,186.1657204,8512,0
675515.8573,5704572.387,187.6513363,8512,0
675497.4274,5704572.825,189.1369522,8512,0
675478.9976,5704573.263,190.6225681,8512,0
675460.5677,5704573.701,192.1081839,8512,0
675442.1379,5704574.14,193.5937998,8512,0
675423.708,5704574.578,195.0794157,8512,0
675405.2782,5704575.016,196.5650315,8512,0
675386.8483,5704575.454,198.0506474,8512,0
675368.4185,5704575.893,199.5362633,8512,0
675349.9887,5704576.331,201.0218791,8512,0
675331.5588,5704576.769,202.507495,8512,0
675313.129,5704577.207,203.9931109,8512,0
675294.6991,5704577.646,205.4787267,8512,0
675276.2693,5704578.084,206.9643426,8512,0
675257.8394,5704578.522,208.4499585,8512,0
675239.4096,5704578.96,209.9355744,8512,0
675220.9797,5704579.399,211.4211902,8512,0
675202.5499,5704579.837,212.9068061,8512,0
675184.1201,5704580.275,214.392422,8512,0
675165.6902,5704580.713,215.8780378,8512,0
675147.2604,5704581.152,217.3636537,8512,0
675128.8305,5704581.59,218.8492696,8512,0
675110.4007,5704582.028,220.3348854,8512,0
675091.9708,5704582.466,221.8205013,8512,0
675073.541,5704582.905,223.3061172,8512,0
675055.1111,5704583.343,224.7917331,8512,0
675036.6813,5704583.781,226.2773489,8512,0
675018.2514,5704584.219,227.7629648,8512,0
674999.8216,5704584.658,229.2485807,8512,0
674981.3918,5704585.096,230.7341965,8512,0
674962.9619,5704585.534,232.2198124,8512,0
674944.5321,5704585.972,233.7054283,8512,0
674926.1022,5704586.411,235.1910441,8512,0
674907.6724,5704586.849,236.67666,8512,0
674889.2425,5704587.287,238.1622759,8512,0

676601.074,5704327.924,100,885,0
676596.8881,5704346.457,100,885,0
676592.7022,5704364.99,100,885,0
676588.5163,5704383.523,100,885,0
676584.3304,5704402.057,100,885,0
676580.1445,5704420.59,100,885,0
676575.9586,5704439.123,100,885,0
676571.7727,5704457.656,100,885,0
676567.5868,5704476.189,100,885,0
676563.4009,5704494.722,100,885,0
676559.215,5704513.256,100,885,0
676555.0291,5704531.789,100,885,0
676550.8432,5704550.322,100,885,0
676532.587,5704550.532,101.9324288,885,0
676514.3308,5704550.741,103.8648576,885,0
676496.0746,5704550.951,105.7972865,885,0
676477.8184,5704551.161,107.7297153,885,0
676459.5622,5704551.371,109.6621441,885,0
676441.306,5704551.58,111.5945729,885,0
676423.0498,5704551.79,113.5270018,885,0
676404.7936,5704552,115.4594306,885,0
676386.5374,5704552.209,117.3918594,885,0
676368.2812,5704552.419,119.3242882,885,0
676350.025,5704552.629,121.256717,885,0
676331.7688,5704552.839,123.1891459,885,0
676313.5126,5704553.048,125.1215747,885,0
676295.2564,5704553.258,127.0540035,885,0
676277.0002,5704553.468,128.9864323,885,0
676258.744,5704553.677,130.9188612,885,0
676240.4878,5704553.887,132.85129,885,0
676222.2316,5704554.097,134.7837188,885,0
676203.9754,5704554.307,136.7161476,885,0
676185.7192,5704554.516,138.6485764,885,0
676167.463,5704554.726,140.5810053,885,0
676149.2068,5704554.936,142.5134341,885,0
676130.9506,5704555.146,144.4458629,885,0
676112.6944,5704555.355,146.3782917,885,0
676094.4382,5704555.565,148.3107205,885,0
676076.182,5704555.775,150.2431494,885,0
676057.9258,5704555.984,152.1755782,885,0
676039.6696,5704556.194,154.108007,885,0
676021.4134,5704556.404,156.0404358,885,0
676003.1572,5704556.614,157.9728647,885,0
675984.901,5704556.823,159.9052935,885,0
675966.6448,5704557.033,161.8377223,885,0
675948.3886,5704557.243,163.7701511,885,0
675930.1324,5704557.452,165.7025799,885,0
675911.8762,5704557.662,167.6350088,885,1
675893.62,5704557.872,169.5674376,885,0
675875.3638,5704558.082,171.4998664,885,0
675857.1076,5704558.291,173.4322952,885,0
675838.8514,5704558.501,175.3647241,885,0
675820.5952,5704558.711,177.2971529,885,0
675802.339,5704558.921,179.2295817,885,0
675784.0828,5704559.13,181.1620105,885,0
675765.8266,5704559.34,183.0944393,885,0
675747.5704,5704559.55,185.0268682,885,0
675729.3142,5704559.759,186.959297,885,0
675711.058,5704559.969,188.8917258,885,0
675692.8018,5704560.179,190.8241546,885,0
675674.5456,5704560.389,192.7565835,885,0
675656.2894,5704560.598,194.6890123,885,0
675638.0331,5704560.808,196.6214411,885,0
675619.7769,5704561.018,198.5538699,885,0
675601.5207,5704561.228,200.4862987,885,0
675583.2645,5704561.437,202.4187276,885,0
675565.0083,5704561.647,204.3511564,885,0
675546.7521,5704561.857,206.2835852,885,0
675528.4959,5704562.066,208.216014,885,0
675510.2397,5704562.276,210.1484429,885,0
675491.9835,5704562.486,212.0808717,885,0
675473.7273,5704562.696,214.0133005,885,0
675455.4711,5704562.905,215.9457293,885,0
675437.2149,5704563.115,217.8781581,885,0
675418.9587,5704563.325,219.810587,885,0
675400.7025,5704563.534,221.7430158,885,0
675382.4463,5704563.744,223.6754446,885,0
675364.1901,5704563.954,225.6078734,885,0
675345.9339,5704564.164,227.5403022,885,0
675327.6777,5704564.373,229.4727311,885,0
675309.4215,5704564.583,231.4051599,885,0
675291.1653,5704564.793,233.3375887,885,0
675272.9091,5704565.003,235.2700175,885,0
675254.6529,5704565.212,237.2024464,885,0
675236.3967,5704565.422,239.1348752,885,0
675218.1405,5704565.632,241.067304,885,0
675199.8843,5704565.841,242.9997328,885,0
675181.6281,5704566.051,244.9321616,885,0
675163.3719,5704566.261,246.8645905,885,0
675145.1157,5704566.471,248.7970193,885,0
675126.8595,5704566.68,250.7294481,885,0
675108.6033,5704566.89,252.6618769,885,0
675090.3471,5704567.1,254.5943058,885,0
675072.0909,5704567.309,256.5267346,885,0
675053.8347,5704567.519,258.4591634,885,0
675035.5785,5704567.729,260.3915922,885,0
675017.3223,5704567.939,262.324021,885,0
674999.0661,5704568.148,264.2564499,885,0
674980.8099,5704568.358,266.1888787,885,0
674962.5537,5704568.568,268.1213075,885,0
674944.2975,5704568.778,270.0537363,885,0
674926.0413,5704568.987,271.9861652,885,0
674907.7851,5704569.197,273.918594,885,0
674889.5289,5704569.407,275.8510228,885,0
674871.2727,5704569.616,277.7834516,885,0

676539.0222,5704313.749,100,1853,0
676536.0202,5704332.51,100,1853,0
676533.0182,5704351.271,100,1853,0
676530.0161,5704370.033,100,1853,0
676527.0141,5704388.794,100,1853,0
676524.0121,5704407.555,100,1853,0
676521.01,5704426.317,100,1853,0
676518.008,5704445.078,100,1853,0
676515.006,5704463.839,100,1853,0
676512.004,5704482.601,100,1853,0
676509.0019,5704501.362,100,1853,0
676505.9999,5704520.123,100,1853,0
676502.9979,5704538.885,100,1853,0
676499.9959,5704557.646,100,1853,0
676496.9938,5704576.407,100,1853,0
676493.9918,5704595.169,100,1853,0
676475.8579,5704594.01,102.1464121,1853,0
676457.724,5704592.851,104.2928241,1853,0
676439.5902,5704591.693,106.4392362,1853,0
676421.4563,5704590.534,108.5856483,1853,0
676403.3224,5704589.375,110.7320603,1853,0
676385.1885,5704588.217,112.8784724,1853,0
676367.0546,5704587.058,115.0248845,1853,0
676348.9207,5704585.899,117.1712965,1853,0
676330.7868,5704584.741,119.3177086,1853,0
676312.653,5704583.582,121.4641207,1853,0
676294.5191,5704582.423,123.6105327,1853,0
676276.3852,5704581.265,125.7569448,1853,0
676258.2513,5704580.106,127.9033569,1853,0
676240.1174,5704578.947,130.0497689,1853,0
676221.9835,5704577.789,132.196181,1853,0
676203.8497,5704576.63,134.3425931,1853,0
676185.7158,5704575.471,136.4890051,1853,0
676167.5819,5704574.312,138.6354172,1853,0
676149.448,5704573.154,140.7818293,1853,0
676131.3141,5704571.995,142.9282413,1853,0
676113.1802,5704570.836,145.0746534,1853,0
676095.0463,5704569.678,147.2210655,1853,0
676076.9125,5704568.519,149.3674775,1853,0
676058.7786,5704567.36,151.5138896,1853,0
676040.6447,5704566.202,153.6603017,1853,0
676022.5108,5704565.043,155.8067137,1853,0
676004.3769,5704563.884,157.9531258,1853,0
675986.243,5704562.726,160.0995379,1853,0
675968.1092,5704561.567,162.2459499,1853,0
675949.9753,5704560.408,164.392362,1853,0
675931.8414,5704559.25,166.5387741,1853,0
675913.7075,5704558.091,168.6851861,1853,1
675895.5736,5704556.932,170.8315982,1853,0
675877.4397,5704555.774,172.9780103,1853,0
675859.3058,5704554.615,175.1244223,1853,0
675841.172,5704553.456,177.2708344,1853,0
675823.0381,5704552.297,179.4172465,1853,0
675804.9042,5704551.139,181.5636585,1853,0
675786.7703,5704549.98,183.7100706,1853,0
675768.6364,5704548.821,185.8564827,1853,0
675750.5025,5704547.663,188.0028947,1853,0
675732.3687,5704546.504,190.1493068,1853,0
675714.2348,5704545.345,192.2957189,1853,0
675696.1009,5704544.187,194.4421309,1853,0
675677.967,5704543.028,196.588543,1853,0
675659.8331,5704541.869,198.7349551,1853,0
675641.6992,5704540.711,200.8813671,1853,0
675623.5653,5704539.552,203.0277792,1853,0
675605.4315,5704538.393,205.1741913,1853,0
675587.2976,5704537.235,207.3206033,1853,0
675569.1637,5704536.076,209.4670154,1853,0
675551.0298,5704534.917,211.6134275,1853,0
675532.8959,5704533.759,213.7598395,1853,0
675514.762,5704532.6,215.9062516,1853,0
675496.6282,5704531.441,218.0526637,1853,0
675478.4943,5704530.282,220.1990758,1853,0
675460.3604,5704529.124,222.3454878,1853,0
675442.2265,5704527.965,224.4918999,1853,0
675424.0926,5704526.806,226.638312,1853,0
675405.9587,5704525.648,228.784724,1853,0
675387.8248,5704524.489,230.9311361,1853,0
675369.691,5704523.33,233.0775482,1853,0
675351.5571,5704522.172,235.2239602,1853,0
675333.4232,5704521.013,237.3703723,1853,0
675315.2893,5704519.854,239.5167844,1853,0
675297.1554,5704518.696,241.6631964,1853,0
675279.0215,5704517.537,243.8096085,1853,0
675260.8877,5704516.378,245.9560206,1853,0
675242.7538,5704515.22,248.1024326,1853,0
675224.6199,5704514.061,250.2488447,1853,0
675206.486,5704512.902,252.3952568,1853,0
675188.3521,5704511.743,254.5416688,1853,0
675170.2182,5704510.585,256.6880809,1853,0
675152.0843,5704509.426,258.834493,1853,0
675133.9505,5704508.267,260.980905,1853,0
675115.8166,5704507.109,263.1273171,1853,0
675097.6827,5704505.95,265.2737292,1853,0
675079.5488,5704504.791,267.4201412,1853,0
675061.4149,5704503.633,269.5665533,1853,0
675043.281,5704502.474,271.7129654,1853,0
675025.1472,5704501.315,273.8593774,1853,0
675007.0133,5704500.157,276.0057895,1853,0
674988.8794,5704498.998,278.1522016,1853,0
674970.7455,5704497.839,280.2986136,1853,0
674952.6116,5704496.681,282.4450257,1853,0
674934.4777,5704495.522,284.5914378,1853,0
674916.3439,5704494.363,286.7378498,1853,0
674898.21,5704493.205,288.8842619,1853,0
674880.0761,5704492.046,291.030674,1853,0

676476.1947,5704303.527,100,8581,0
676474.3886,5704322.441,100,8581,0
676472.5825,5704341.355,100,8581,0
676470.7765,5704360.269,100,8581,0
676468.9704,5704379.183,100,8581,0
676467.1643,5704398.097,100,8581,0
676465.3583,5704417.011,100,8581,0
676463.5522,5704435.925,100,8581,0
676461.7461,5704454.839,100,8581,0
676459.9401,5704473.753,100,8581,0
676441.9422,5704475.626,102.3319135,8581,0
676423.9443,5704477.498,104.663827,8581,0
676405.9465,5704479.371,106.9957404,8581,0
676387.9486,5704481.243,109.3276539,8581,0
676369.9507,5704483.116,111.6595674,8581,0
676351.9529,5704484.989,113.9914809,8581,0
676333.955,5704486.861,116.3233943,8581,0
676315.9571,5704488.734,118.6553078,8581,0
676297.9593,5704490.607,120.9872213,8581,0
676279.9614,5704492.479,123.3191348,8581,0
676261.9635,5704494.352,125.6510482,8581,0
676243.9657,5704496.225,127.9829617,8581,0
676225.9678,5704498.097,130.3148752,8581,0
676207.9699,5704499.97,132.6467887,8581,0
676189.9721,5704501.843,134.9787021,8581,0
676171.9742,5704503.715,137.3106156,8581,0
676153.9763,5704505.588,139.6425291,8581,0
676135.9785,5704507.461,141.9744426,8581,0
676117.9806,5704509.333,144.306356,8581,0
676099.9827,5704511.206,146.6382695,8581,0
676081.9849,5704513.078,148.970183,8581,0
676063.987,5704514.951,151.3020965,8581,0
676045.9891,5704516.824,153.6340099,8581,0
676027.9913,5704518.696,155.9659234,8581,0
676009.9934,5704520.569,158.2978369,8581,0
675991.9955,5704522.442,160.6297504,8581,0
675973.9977,5704524.314,162.9616638,8581,0
675955.9998,5704526.187,165.2935773,8581,0
675938.0019,5704528.06,167.6254908,8581,0
675920.0041,5704529.932,169.9574043,8581,0
675902.0062,5704531.805,172.2893177,8581,0
675884.0083,5704533.678,174.6212312,8581,0
675866.0105,5704535.55,176.9531447,8581,0
675848.0126,5704537.423,179.2850582,8581,0
675830.0147,5704539.296,181.6169716,8581,0
675812.0169,5704541.168,183.9488851,8581,0
675794.019,5704543.041,186.2807986,8581,0
675776.0211,5704544.913,188.6127121,8581,0
675758.0233,5704546.786,190.9446255,8581,0
675740.0254,5704548.659,193.276539,8581,1
675722.0275,5704550.531,195.6084525,8581,0
675704.0297,5704552.404,197.940366,8581,0
675686.0318,5704554.277,200.2722794,8581,0
675668.0339,5704556.149,202.6041929,8581,0
675650.0361,5704558.022,204.9361064,8581,0
675632.0382,5704559.895,207.2680199,8581,0
675614.0403,5704561.767,209.5999333,8581,0
675596.0425,5704563.64,211.9318468,8581,0
675578.0446,5704565.513,214.2637603,8581,0
675560.0467,5704567.385,216.5956738,8581,0
675542.0489,5704569.258,218.9275873,8581,0
675524.051,5704571.131,221.2595007,8581,0
675506.0531,5704573.003,223.5914142,8581,0
675488.0553,5704574.876,225.9233277,8581,0
675470.0574,5704576.748,228.2552412,8581,0
675452.0595,5704578.621,230.5871546,8581,0
675434.0617,5704580.494,232.9190681,8581,0
675416.0638,5704582.366,235.2509816,8581,0
675398.0659,5704584.239,237.5828951,8581,0
675380.0681,5704586.112,239.9148085,8581,0
675362.0702,5704587.984,242.246722,8581,0
675344.0723,5704589.857,244.5786355,8581,0
675326.0745,5704591.73,246.910549,8581,0
675308.0766,5704593.602,249.2424624,8581,0
675290.0787,5704595.475,251.5743759,8581,0
675272.0809,5704597.348,253.9062894,8581,0
675254.083,5704599.22,256.2382029,8581,0
675236.0851,5704601.093,258.5701163,8581,0
675218.0873,5704602.966,260.9020298,8581,0
675200.0894,5704604.838,263.2339433,8581,0
675182.0915,5704606.711,265.5658568,8581,0
675164.0937,5704608.583,267.8977702,8581,0
675146.0958,5704610.456,270.2296837,8581,0
675128.0979,5704612.329,272.5615972,8581,0
675110.1001,5704614.201,274.8935107,8581,0
675092.1022,5704616.074,277.2254241,8581,0
675074.1043,5704617.947,279.5573376,8581,0
675056.1065,5704619.819,281.8892511,8581,0
675038.1086,5704621.692,284.2211646,8581,0
675020.1107,5704623.565,286.553078,8581,0
675002.1129,5704625.437,288.8849915,8581,0
674984.115,5704627.31,291.216905,8581,0
674966.1171,5704629.183,293.5488185,8581,0
674948.1193,5704631.055,295.8807319,8581,0
674930.1214,5704632.928,298.2126454,8581,0
674912.1235,5704634.801,300.5445589,8581,0
674894.1257,5704636.673,302.8764724,8581,0
674876.1278,5704638.546,305.2083858,8581,0
674858.1299,5704640.418,307.5402993,8581,0
674840.1321,5704642.291,309.8722128,8581,0
674822.1342,5704644.164,312.2041263,8581,0
674804.1363,5704646.036,314.5360397,8581,0
674786.1385,5704647.909,316.8679532,8581,0
674768.1406,5704649.782,319.1998667,8581,0
674750.1427,5704651.654,321.5317802,8581,0

676412.8444,5704297.301,100,2518,0
676412.2415,5704316.291,100,2518,0
676411.6387,5704335.281,100,2518,0
676411.0359,5704354.272,100,2518,0
676410.433,5704373.262,100,2518,0
676409.8302,5704392.253,100,2518,0
676409.2274,5704411.243,100,2518,0
676408.6245,5704430.234,100,2518,0
676408.0217,5704449.224,100,2518,0
676407.4189,5704468.214,100,2518,0
676406.8161,5704487.205,100,2518,0
676406.2132,5704506.195,100,2518,0
676405.6104,5704525.186,100,2518,0
676405.0076,5704544.176,100,2518,0
676404.4047,5704563.167,100,2518,0
676403.8019,5704582.157,100,2518,0
676385.7886,5704581.264,102.476442,2518,0
676367.7754,5704580.37,104.9528841,2518,0
676349.7621,5704579.477,107.4293261,2518,0
676331.7489,5704578.584,109.9057682,2518,0
676313.7356,5704577.691,112.3822102,2518,0
676295.7223,5704576.797,114.8586522,2518,0
676277.7091,5704575.904,117.3350943,2518,0
676259.6958,5704575.011,119.8115363,2518,0
676241.6826,5704574.118,122.2879784,2518,0
676223.6693,5704573.224,124.7644204,2518,0
676205.656,5704572.331,127.2408624,2518,0
676187.6428,5704571.438,129.7173045,2518,0
676169.6295,5704570.544,132.1937465,2518,0
676151.6163,5704569.651,134.6701886,2518,0
676133.603,5704568.758,137.1466306,2518,0
676115.5897,5704567.865,139.6230726,2518,0
676097.5765,5704566.971,142.0995147,2518,0
676079.5632,5704566.078,144.5759567,2518,0
676061.55,5704565.185,147.0523988,2518,0
676043.5367,5704564.291,149.5288408,2518,0
676025.5234,5704563.398,152.0052828,2518,0
676007.5102,5704562.505,154.4817249,2518,0
675989.4969,5704561.612,156.9581669,2518,0
675971.4837,5704560.718,159.434609,2518,0
675953.4704,5704559.825,161.911051,2518,0
675935.4571,5704558.932,164.387493,2518,0
675917.4439,5704558.039,166.8639351,2518,0
675899.4306,5704557.145,169.3403771,2518,0
675881.4174,5704556.252,171.8168192,2518,0
675863.4041,5704555.359,174.2932612,2518,0
675845.3909,5704554.465,176.7697032,2518,0
675827.3776,5704553.572,179.2461453,2518,0
675809.3643,5704552.679,181.7225873,2518,1
675791.3511,5704551.786,184.1990294,2518,0
675773.3378,5704550.892,186.6754714,2518,0
675755.3246,5704549.999,189.1519134,2518,0
675737.3113,5704549.106,191.6283555,2518,0
675719.298,5704548.212,194.1047975,2518,0
675701.2848,5704547.319,196.5812396,2518,0
675683.2715,5704546.426,199.0576816,2518,0
675665.2583,5704545.533,201.5341236,2518,0
675647.245,5704544.639,204.0105657,2518,0
675629.2317,5704543.746,206.4870077,2518,0
675611.2185,5704542.853,208.9634498,2518,0
675593.2052,5704541.959,211.4398918,2518,0
675575.192,5704541.066,213.9163338,2518,0
675557.1787,5704540.173,216.3927759,2518,0
675539.1654,5704539.28,218.8692179,2518,0
675521.1522,5704538.386,221.34566,2518,0
675503.1389,5704537.493,223.822102,2518,0
675485.1257,5704536.6,226.298544,2518,0
675467.1124,5704535.707,228.7749861,2518,0
675449.0991,5704534.813,231.2514281,2518,0
675431.0859,5704533.92,233.7278702,2518,0
675413.0726,5704533.027,236.2043122,2518,0
675395.0594,5704532.133,238.6807542,2518,0
675377.0461,5704531.24,241.1571963,2518,0
675359.0328,5704530.347,243.6336383,2518,0
675341.0196,5704529.454,246.1100804,2518,0
675323.0063,5704528.56,248.5865224,2518,0
675304.9931,5704527.667,251.0629644,2518,0
675286.9798,5704526.774,253.5394065,2518,0
675268.9665,5704525.88,256.0158485,2518,0
675250.9533,5704524.987,258.4922906,2518,0
675232.94,5704524.094,260.9687326,2518,0
675214.9268,5704523.201,263.4451746,2518,0
675196.9135,5704522.307,265.9216167,2518,0
675178.9002,5704521.414,268.3980587,2518,0
675160.887,5704520.521,270.8745008,2518,0
675142.8737,5704519.628,273.3509428,2518,0
675124.8605,5704518.734,275.8273848,2518,0
675106.8472,5704517.841,278.3038269,2518,0
675088.8339,5704516.948,280.7802689,2518,0
675070.8207,5704516.054,283.256711,2518,0
675052.8074,5704515.161,285.733153,2518,0
675034.7942,5704514.268,288.209595,2518,0
675016.7809,5704513.375,290.6860371,2518,0
674998.7676,5704512.481,293.1624791,2518,0
674980.7544,5704511.588,295.6389212,2518,0
674962.7411,5704510.695,298.1153632,2518,0
674944.7279,5704509.801,300.5918052,2518,0
674926.7146,5704508.908,303.0682473,2518,0
674908.7014,5704508.015,305.5446893,2518,0
674890.6881,5704507.122,308.0211314,2518,0
674872.6748,5704506.228,310.4975734,2518,0
674854.6616,5704505.335,312.9740154,2518,0
674836.6483,5704504.442,315.4504575,2518,0
674818.6351,5704503.548,317.9268995,2518,0
674800.6218,5704502.655,320.4033416,2518,0

676349.2264,5704295.094,100,9014,0
676349.8292,5704314.084,100,9014,0
676350.4321,5704333.075,100,9014,0
676351.0349,5704352.065,100,9014,0
676351.6377,5704371.056,100,9014,0
676352.2406,5704390.046,100,9014,0
676352.8434,5704409.036,100,9014,0
676353.4462,5704428.027,100,9014,0
676354.049,5704447.017,100,9014,0
676354.6519,5704466.008,100,9014,0
676355.2547,5704484.998,100,9014,0
676355.8575,5704503.989,100,9014,0
676356.4604,5704522.979,100,9014,0
676357.0632,5704541.969,100,9014,0
676357.666,5704560.96,100,9014,0
676358.2689,5704579.95,100,9014,0
676358.8717,5704598.941,100,9014,0
676359.4745,5704617.931,100,9014,0
676360.0774,5704636.922,100,9014,0
676360.6802,5704655.912,100,9014,0
676361.283,5704674.903,100,9014,0
676361.8858,5704693.893,100,9014,0
676344.7061,5704688.684,102.6762337,9014,0
676327.5263,5704683.475,105.3524674,9014,0
676310.3465,5704678.266,108.0287011,9014,0
676293.1667,5704673.057,110.7049348,9014,0
676275.9869,5704667.848,113.3811685,9014,0
676258.8072,5704662.638,116.0574022,9014,0
676241.6274,5704657.429,118.7336359,9014,0
676224.4476,5704652.22,121.4098696,9014,0
676207.2678,5704647.011,124.0861033,9014,0
676190.0881,5704641.802,126.762337,9014,0
676172.9083,5704636.593,129.4385707,9014,0
676155.7285,5704631.384,132.1148044,9014,0
676138.5487,5704626.175,134.7910381,9014,0
676121.3689,5704620.966,137.4672719,9014,0
676104.1892,5704615.757,140.1435056,9014,0
676087.0094,5704610.548,142.8197393,9014,0
676069.8296,5704605.338,145.495973,9014,0
676052.6498,5704600.129,148.1722067,9014,0
676035.47,5704594.92,150.8484404,9014,0
676018.2903,5704589.711,153.5246741,9014,0
676001.1105,5704584.502,156.2009078,9014,0
675983.9307,5704579.293,158.8771415,9014,0
675966.7509,5704574.084,161.5533752,9014,0
675949.5711,5704568.875,164.2296089,9014,0
675932.3914,5704563.666,166.9058426,9014,0
675915.2116,5704558.457,169.5820763,9014,1
675898.0318,5704553.248,172.25831,9014,0
675880.852,5704548.039,174.9345437,9014,0
675863.6722,5704542.829,177.6107774,9014,0
675846.4925,5704537.62,180.2870111,9014,0
675829.3127,5704532.411,182.9632448,9014,0
675812.1329,5704527.202,185.6394785,9014,0
675794.9531,5704521.993,188.3157122,9014,0
675777.7733,5704516.784,190.9919459,9014,0
675760.5936,5704511.575,193.6681796,9014,0
675743.4138,5704506.366,196.3444133,9014,0
675726.234,5704501.157,199.020647,9014,0
675709.0542,5704495.948,201.6968807,9014,0
675691.8744,5704490.739,204.3731144,9014,0
675674.6947,5704485.53,207.0493481,9014,0
675657.5149,5704480.32,209.7255819,9014,0
675640.3351,5704475.111,212.4018156,9014,0
675623.1553,5704469.902,215.0780493,9014,0
675605.9755,5704464.693,217.754283,9014,0
675588.7958,5704459.484,220.4305167,9014,0
675571.616,5704454.275,223.1067504,9014,0
675554.4362,5704449.066,225.7829841,9014,0
675537.2564,5704443.857,228.4592178,9014,0
675520.0766,5704438.648,231.1354515,9014,0
675502.8969,5704433.439,233.8116852,9014,0
675485.7171,5704428.23,236.4879189,9014,0
675468.5373,5704423.021,239.1641526,9014,0
675451.3575,5704417.811,241.8403863,9014,0
675434.1777,5704412.602,244.51662,9014,0
675416.998,5704407.393,247.1928537,9014,0
675399.8182,5704402.184,249.8690874,9014,0
675382.6384,5704396.975,252.5453211,9014,0
675365.4586,5704391.766,255.2215548,9014,0
675348.2788,5704386.557,257.8977885,9014,0
675331.0991,5704381.348,260.5740222,9014,0
675313.9193,5704376.139,263.2502559,9014,0
675296.7395,5704370.93,265.9264896,9014,0
675279.5597,5704365.721,268.6027233,9014,0
675262.3799,5704360.512,271.278957,9014,0
675245.2002,5704355.302,273.9551907,9014,0
675228.0204,5704350.093,276.6314244,9014,0
675210.8406,5704344.884,279.3076581,9014,0
675193.6608,5704339.675,281.9838919,9014,0
675176.481,5704334.466,284.6601256,9014,0
675159.3013,5704329.257,287.3363593,9014,0
675142.1215,5704324.048,290.012593,9014,0
675124.9417,5704318.839,292.6888267,9014,0
675107.7619,5704313.63,295.3650604,9014,0
675090.5821,5704308.421,298.0412941,9014,0
675073.4024,5704303.212,300.7175278,9014,0
675056.2226,5704298.002,303.3937615,9014,0
675039.0428,5704292.793,306.0699952,9014,0
675021.863,5704287.584,308.7462289,9014,0
675004.6832,5704282.375,311.4224626,9014,0
674987.5035,5704277.166,314.0986963,9014,0
674970.3237,5704271.957,316.77493,9014,0
674953.1439,5704266.748,319.4511637,9014,0
674935.9641,5704261.539,322.1273974,9014,0

676159.3274,5704312.601,100,9880,0
676142.1429,5704316.386,103.5030429,9880,0
676124.9584,5704320.172,107.0060857,9880,0
676107.7738,5704323.957,110.5091286,9880,0
676090.5893,5704327.743,114.0121714,9880,0
676073.4048,5704331.528,117.5152143,9880,0
676056.2202,5704335.314,121.0182571,9880,0
676039.0357,5704339.099,124.5213,9880,0
676021.8512,5704342.885,128.0243428,9880,0
676004.6666,5704346.67,131.5273857,9880,0
675987.4821,5704350.456,135.0304285,9880,0
675970.2976,5704354.241,138.5334714,9880,0
675953.113,5704358.027,142.0365143,9880,0
675935.9285,5704361.812,145.5395571,9880,0
675918.744,5704365.598,149.0426,9880,0
675901.5594,5704369.383,152.5456428,9880,0
675884.3749,5704373.168,156.0486857,9880,0
675867.1904,5704376.954,159.5517285,9880,0
675850.0058,5704380.739,163.0547714,9880,0
675832.8213,5704384.525,166.5578142,9880,0
675815.6368,5704388.31,170.0608571,9880,0
675798.4522,5704392.096,173.5639,9880,0
675781.2677,5704395.881,177.0669428,9880,0
675764.0832,5704399.667,180.5699857,9880,0
675746.8986,5704403.452,184.0730285,9880,0
675729.7141,5704407.238,187.5760714,9880,0
675712.5296,5704411.023,191.0791142,9880,0
675695.345,5704414.809,194.5821571,9880,0
675678.1605,5704418.594,198.0851999,9880,0
675660.976,5704422.379,201.5882428,9880,0
675643.7914,5704426.165,205.0912856,9880,0
675626.6069,5704429.95,208.5943285,9880,0
675609.4224,5704433.736,212.0973714,9880,0
675592.2378,5704437.521,215.6004142,9880,0
675575.0533,5704441.307,219.1034571,9880,0
675557.8687,5704445.092,222.6064999,9880,0
675540.6842,5704448.878,226.1095428,9880,0
675523.4997,5704452.663,229.6125856,9880,0
675506.3151,5704456.449,233.1156285,9880,0
675489.1306,5704460.234,236.6186713,9880,0
675471.9461,5704464.02,240.1217142,9880,0
675454.7615,5704467.805,243.6247571,9880,0
675437.577,5704471.591,247.1277999,9880,0
675420.3925,5704475.376,250.6308428,9880,0
675403.2079,5704479.161,254.1338856,9880,0
675386.0234,5704482.947,257.6369285,9880,0
675368.8389,5704486.732,261.1399713,9880,0
675351.6543,5704490.518,264.6430142,9880,0
675334.4698,5704494.303,268.146057,9880,0
675317.2853,5704498.089,271.6490999,9880,0
675300.1007,5704501.874,275.1521427,9880,0
675282.9162,5704505.66,278.6551856,9880,0
675265.7317,5704509.445,282.1582285,9880,0
675248.5471,5704513.231,285.6612713,9880,0
675231.3626,5704517.016,289.1643142,9880,0
675214.1781,5704520.802,292.667357,9880,0
675196.9935,5704524.587,296.1703999,9880,1
675179.809,5704528.372,299.6734427,9880,0
675162.6245,5704532.158,303.1764856,9880,0
675145.4399,5704535.943,306.6795284,9880,0
675128.2554,5704539.729,310.1825713,9880,0
675111.0709,5704543.514,313.6856141,9880,0
675093.8863,5704547.3,317.188657,9880,0
675076.7018,5704551.085,320.6916999,9880,0
675059.5173,5704554.871,324.1947427,9880,0
675042.3327,5704558.656,327.6977856,9880,0
675025.1482,5704562.442,331.2008284,9880,0
675007.9637,5704566.227,334.7038713,9880,0
674990.7791,5704570.013,338.2069141,9880,0
674973.5946,5704573.798,341.709957,9880,0
674956.41,5704577.583,345.2129998,9880,0
674939.2255,5704581.369,348.7160427,9880,0
674922.041,5704585.154,352.2190856,9880,0
674904.8564,5704588.94,355.7221284,9880,0
674887.6719,5704592.725,359.2251713,9880,0
674870.4874,5704596.511,362.7282141,9880,0
674853.3028,5704600.296,366.231257,9880,0
674836.1183,5704604.082,369.7342998,9880,0
674818.9338,5704607.867,373.2373427,9880,0
674801.7492,5704611.653,376.7403855,9880,0
674784.5647,5704615.438,380.2434284,9880,0
674767.3802,5704619.224,383.7464712,9880,0
674750.1956,5704623.009,387.2495141,9880,0
674733.0111,5704626.795,390.752557,9880,0
674715.8266,5704630.58,394.2555998,9880,0
674698.642,5704634.365,397.7586427,9880,0
674681.4575,5704638.151,401.2616855,9880,0
674664.273,5704641.936,404.7647284,9880,0
674647.0884,5704645.722,408.2677712,9880,0
674629.9039,5704649.507,411.7708141,9880,0
674612.7194,5704653.293,415.2738569,9880,0
674595.5348,5704657.078,418.7768998,9880,0
674578.3503,5704660.864,422.2799427,9880,0
674561.1658,5704664.649,425.7829855,9880,0
674543.9812,5704668.435,429.2860284,9880,0
674526.7967,5704672.22,432.7890712,9880,0
674509.6122,5704676.006,436.2921141,9880,0
674492.4276,5704679.791,439.7951569,9880,0
674475.2431,5704683.576,443.2981998,9880,0
674458.0586,5704687.362,446.8012426,9880,0
674440.874,5704691.147,450.3042855,9880,0
674423.6895,5704694.933,453.8073283,9880,0
674406.505,5704698.718,457.3103712,9880,0
674389.3204,5704702.504,460.8134141,9880,0
674372.1359,5704706.289,464.3164569,9880,0

675703.746,5704527.226,100,4397,0
675716.4146,5704541.386,100,4397,0
675729.0832,5704555.546,100,4397,0
675741.7518,5704569.706,100,4397,0
675754.4204,5704583.866,100,4397,0
675767.0891,5704598.026,100,4397,0
675779.7577,5704612.186,100,4397,0
675792.4263,5704626.346,100,4397,0
675805.0949,5704640.506,100,4397,0
675817.7635,5704654.666,100,4397,0
675830.4321,5704668.826,100,4397,0
675843.1007,5704682.986,100,4397,0
675855.7693,5704697.146,100,4397,0
675868.4379,5704711.306,100,4397,0
675881.1066,5704725.466,100,4397,0
675864.7913,5704720.564,104.7162016,4397,0
675848.4761,5704715.663,109.4324032,4397,0
675832.1609,5704710.761,114.1486048,4397,0
675815.8456,5704705.859,118.8648063,4397,0
675799.5304,5704700.958,123.5810079,4397,0
675783.2152,5704696.056,128.2972095,4397,0
675766.8999,5704691.154,133.0134111,4397,0
675750.5847,5704686.252,137.7296127,4397,0
675734.2695,5704681.351,142.4458143,4397,0
675717.9543,5704676.449,147.1620158,4397,0
675701.639,5704671.547,151.8782174,4397,0
675685.3238,5704666.645,156.594419,4397,0
675669.0086,5704661.744,161.3106206,4397,0
675652.6933,5704656.842,166.0268222,4397,0
675636.3781,5704651.94,170.7430238,4397,0
675620.0629,5704647.038,175.4592254,4397,0
675603.7477,5704642.137,180.1754269,4397,0
675587.4324,5704637.235,184.8916285,4397,0
675571.1172,5704632.333,189.6078301,4397,0
675554.802,5704627.431,194.3240317,4397,0
675538.4867,5704622.53,199.0402333,4397,0
675522.1715,5704617.628,203.7564349,4397,0
675505.8563,5704612.726,208.4726364,4397,0
675489.541,5704607.825,213.188838,4397,0
675473.2258,5704602.923,217.9050396,4397,0
675456.9106,5704598.021,222.6212412,4397,0
675440.5954,5704593.119,227.3374428,4397,0
675424.2801,5704588.218,232.0536444,4397,0
675407.9649,5704583.316,236.769846,4397,0
675391.6497,5704578.414,241.4860475,4397,0
675375.3344,5704573.512,246.2022491,4397,0
675359.0192,5704568.611,250.9184507,4397,0
675342.704,5704563.709,255.6346523,4397,0
675326.3887,5704558.807,260.3508539,4397,0
675310.0735,5704553.905,265.0670555,4397,0
675293.7583,5704549.004,269.783257,4397,0
675277.4431,5704544.102,274.4994586,4397,0
675261.1278,5704539.2,279.2156602,4397,0
675244.8126,5704534.299,283.9318618,4397,0
675228.4974,5704529.397,288.6480634,4397,0
675212.1821,5704524.495,293.364265,4397,0
675195.8669,5704519.593,298.0804666,4397,1
675179.5517,5704514.692,302.7966681,4397,0
675163.2365,5704509.79,307.5128697,4397,0
675146.9212,5704504.888,312.2290713,4397,0
675130.606,5704499.986,316.9452729,4397,0
675114.2908,5704495.085,321.6614745,4397,0
675097.9755,5704490.183,326.3776761,4397,0
675081.6603,5704485.281,331.0938776,4397,0
675065.3451,5704480.379,335.8100792,4397,0
675049.0298,5704475.478,340.5262808,4397,0
675032.7146,5704470.576,345.2424824,4397,0
675016.3994,5704465.674,349.958684,4397,0
675000.0842,5704460.772,354.6748856,4397,0
674983.7689,5704455.871,359.3910872,4397,0
674967.4537,5704450.969,364.1072887,4397,0
674951.1385,5704446.067,368.8234903,4397,0
674934.8232,5704441.166,373.5396919,4397,0
674918.508,5704436.264,378.2558935,4397,0
674902.1928,5704431.362,382.9720951,4397,0
674885.8775,5704426.46,387.6882967,4397,0
674869.5623,5704421.559,392.4044982,4397,0
674853.2471,5704416.657,397.1206998,4397,0
674836.9319,5704411.755,401.8369014,4397,0
674820.6166,5704406.853,406.553103,4397,0
674804.3014,5704401.952,411.2693046,4397,0
674787.9862,5704397.05,415.9855062,4397,0
674771.6709,5704392.148,420.7017078,4397,0
674755.3557,5704387.246,425.4179093,4397,0
674739.0405,5704382.345,430.1341109,4397,0
674722.7253,5704377.443,434.8503125,4397,0
674706.41,5704372.541,439.5665141,4397,0
674690.0948,5704367.64,444.2827157,4397,0
674673.7796,5704362.738,448.9989173,4397,0
674657.4643,5704357.836,453.7151189,4397,0
674641.1491,5704352.934,458.4313204,4397,0
674624.8339,5704348.033,463.147522,4397,0
674608.5186,5704343.131,467.8637236,4397,0
674592.2034,5704338.229,472.5799252,4397,0
674575.8882,5704333.327,477.2961268,4397,0
674559.573,5704328.426,482.0123284,4397,0
674543.2577,5704323.524,486.7285299,4397,0
674526.9425,5704318.622,491.4447315,4397,0
674510.6273,5704313.72,496.1609331,4397,0
674494.312,5704308.819,500.8771347,4397,0
674477.9968,5704303.917,505.5933363,4397,0
674461.6816,5704299.015,510.3095379,4397,0
674445.3663,5704294.113,515.0257395,4397,0
674429.0511,5704289.212,519.741941,4397,0
674412.7359,5704284.31,524.4581426,4397,0

675353.0206,5705435.019,100,2894,0
675371.7319,5705431.719,100,2894,0
675390.4433,5705428.42,100,2894,0
675392.7091,5705410.626,102.7096435,2894,0
675394.9748,5705392.831,105.419287,2894,0
675397.2406,5705375.037,108.1289305,2894,0
675399.5064,5705357.242,110.838574,2894,0
675401.7722,5705339.448,113.5482175,2894,0
675404.038,5705321.653,116.257861,2894,0
675406.3037,5705303.859,118.9675045,2894,0
675408.5695,5705286.064,121.677148,2894,0
675410.8353,5705268.27,124.3867915,2894,0
675413.1011,5705250.476,127.096435,2894,0
675415.3669,5705232.681,129.8060785,2894,0
675417.6326,5705214.887,132.515722,2894,0
675419.8984,5705197.092,135.2253655,2894,0
675422.1642,5705179.298,137.935009,2894,0
675424.43,5705161.503,140.6446525,2894,0
675426.6958,5705143.709,143.354296,2894,0
675428.9615,5705125.914,146.0639395,2894,0
675431.2273,5705108.12,148.773583,2894,0
675433.4931,5705090.325,151.4832265,2894,0
675435.7589,5705072.531,154.19287,2894,0
675438.0247,5705054.737,156.9025135,2894,0
675440.2904,5705036.942,159.612157,2894,0
675442.5562,5705019.148,162.3218005,2894,0
675444.822,5705001.353,165.031444,2894,0
675447.0878,5704983.559,167.7410875,2894,0
675449.3535,5704965.764,170.450731,2894,0
675451.6193,5704947.97,173.1603745,2894,0
675453.8851,5704930.175,175.870018,2894,0
675456.1509,5704912.381,178.5796615,2894,0
675458.4167,5704894.586,181.289305,2894,0
675460.6824,5704876.792,183.9989485,2894,0
675462.9482,5704858.998,186.708592,2894,0
675465.214,5704841.203,189.4182355,2894,0
675467.4798,5704823.409,192.127879,2894,0
675469.7456,5704805.614,194.8375225,2894,0
675472.0113,5704787.82,197.547166,2894,0
675474.2771,5704770.025,200.2568095,2894,0
675476.5429,5704752.231,202.966453,2894,0
675478.8087,5704734.436,205.6760965,2894,0
675481.0745,5704716.642,208.38574,2894,0
675483.3402,5704698.847,211.0953836,2894,0
675485.606,5704681.053,213.8050271,2894,0
675487.8718,5704663.259,216.5146706,2894,0
675490.1376,5704645.464,219.2243141,2894,0
675492.4033,5704627.67,221.9339576,2894,0
675494.6691,5704609.875,224.6436011,2894,0
675496.9349,5704592.081,227.3532446,2894,0
675499.2007,5704574.286,230.0628881,2894,0
675501.4665,5704556.492,232.7725316,2894,0
675503.7322,5704538.697,235.4821751,2894,1
675505.998,5704520.903,238.1918186,2894,0
675508.2638,5704503.109,240.9014621,2894,0
675510.5296,5704485.314,243.6111056,2894,0
675512.7954,5704467.52,246.3207491,2894,0
675515.0611,5704449.725,249.0303926,2894,0
675517.3269,5704431.931,251.7400361,2894,0
675519.5927,5704414.136,254.4496796,2894,0
675521.8585,5704396.342,257.1593231,2894,0
675524.1243,5704378.547,259.8689666,2894,0
675526.39,5704360.753,262.5786101,2894,0
675528.6558,5704342.958,265.2882536,2894,0
675530.9216,5704325.164,267.9978971,2894,0
675533.1874,5704307.37,270.7075406,2894,0
675535.4531,5704289.575,273.4171841,2894,0
675537.7189,5704271.781,276.1268276,2894,0
675539.9847,5704253.986,278.8364711,2894,0
675542.2505,5704236.192,281.5461146,2894,0
675544.5163,5704218.397,284.2557581,2894,0
675546.782,5704200.603,286.9654016,2894,0
675549.0478,5704182.808,289.6750451,2894,0
675551.3136,5704165.014,292.3846886,2894,0
675553.5794,5704147.219,295.0943321,2894,0
675555.8452,5704129.425,297.8039756,2894,0
675558.1109,5704111.631,300.5136191,2894,0
675560.3767,5704093.836,303.2232626,2894,0
675562.6425,5704076.042,305.9329061,2894,0
675564.9083,5704058.247,308.6425496,2894,0
675567.1741,5704040.453,311.3521931,2894,0
675569.4398,5704022.658,314.0618366,2894,0
675571.7056,5704004.864,316.7714801,2894,0
675573.9714,5703987.069,319.4811236,2894,0
675576.2372,5703969.275,322.1907671,2894,0
675578.503,5703951.48,324.9004106,2894,0
675580.7687,5703933.686,327.6100541,2894,0
675583.0345,5703915.892,330.3196976,2894,0
675585.3003,5703898.097,333.0293411,2894,0
675587.5661,5703880.303,335.7389846,2894,0
675589.8318,5703862.508,338.4486281,2894,0
675592.0976,5703844.714,341.1582716,2894,0
675594.3634,5703826.919,343.8679151,2894,0
675596.6292,5703809.125,346.5775586,2894,0
675598.895,5703791.33,349.2872021,2894,0
675601.1607,5703773.536,351.9968456,2894,0
675603.4265,5703755.741,354.7064891,2894,0
675605.6923,5703737.947,357.4161326,2894,0
675607.9581,5703720.153,360.1257761,2894,0
675610.2239,5703702.358,362.8354196,2894,0
675612.4896,5703684.564,365.5450631,2894,0
675614.7554,5703666.769,368.2547066,2894,0
675617.0212,5703648.975,370.9643501,2894,0
675619.287,5703631.18,373.6739936,2894,0
675621.5528,5703613.386,376.3836371,2894,0

12