697707.3757,5670720.525,100,5593,0
697725.2525,5670716.532,101.7821904,5593,0
697743.1294,5670712.538,103.5643809,5593,0
697761.0063,5670708.544,105.3465713,5593,0
697778.8832,5670704.55,107.1287618,5593,0
697796.7601,5670700.556,108.9109522,5593,0
697814.637,5670696.562,110.6931427,5593,0
697832.5139,5670692.568,112.4753331,5593,0
697850.3908,5670688.574,114.2575235,5593,0
697868.2676,5670684.581,116.039714,5593,0
697886.1445,5670680.587,117.8219044,5593,0
697904.0214,5670676.593,119.6040949,5593,0
697921.8983,5670672.599,121.3862853,5593,0
697939.7752,5670668.605,123.1684758,5593,0
697957.6521,5670664.611,124.9506662,5593,0
697975.529,5670660.617,126.7328566,5593,0
697993.4059,5670656.624,128.5150471,5593,0
698011.2827,5670652.63,130.2972375,5593,0
698029.1596,5670648.636,132.079428,5593,0
698047.0365,5670644.642,133.8616184,5593,0
698064.9134,5670640.648,135.6438089,5593,0
698082.7903,5670636.654,137.4259993,5593,0
698100.6672,5670632.66,139.2081897,5593,0
698118.5441,5670628.666,140.9903802,5593,0
698136.421,5670624.673,142.7725706,5593,0
698154.2978,5670620.679,144.5547611,5593,0
698172.1747,5670616.685,146.3369515,5593,0
698190.0516,5670612.691,148.119142,5593,0
698207.9285,5670608.697,149.9013324,5593,0
698225.8054,5670604.703,151.6835228,5593,0
698243.6823,5670600.709,153.4657133,5593,0
698261.5592,5670596.716,155.2479037,5593,0
698279.436,5670592.722,157.0300942,5593,0
698297.3129,5670588.728,158.8122846,5593,0
698315.1898,5670584.734,160.594475,5593,0
698333.0667,5670580.74,162.3766655,5593,0
698350.9436,5670576.746,164.1588559,5593,0
698368.8205,5670572.752,165.9410464,5593,0
698386.6974,5670568.758,167.7232368,5593,0
698404.5743,5670564.765,169.5054273,5593,0
698422.4511,5670560.771,171.2876177,5593,0
698440.328,5670556.777,173.0698081,5593,0
698458.2049,5670552.783,174.8519986,5593,0
698476.0818,5670548.789,176.634189,5593,0
698493.9587,5670544.795,178.4163795,5593,1
698511.8356,5670540.801,180.1985699,5593,0
698529.7125,5670536.808,181.9807604,5593,0
698547.5894,5670532.814,183.7629508,5593,0
698565.4662,5670528.82,185.5451412,5593,0
698583.3431,5670524.826,187.3273317,5593,0
698601.22,5670520.832,189.1095221,5593,0
698619.0969,5670516.838,190.8917126,5593,0
698636.9738,5670512.844,192.673903,5593,0
698654.8507,5670508.85,194.4560935,5593,0
698672.7276,5670504.857,196.2382839,5593,0
698690.6045,5670500.863,198.0204743,5593,0
698708.4813,5670496.869,199.8026648,5593,0
698726.3582,5670492.875,201.5848552,5593,0
698744.2351,5670488.881,203.3670457,5593,0
698762.112,5670484.887,205.1492361,5593,0
698779.9889,5670480.893,206.9314266,5593,0
698797.8658,5670476.9,208.713617,5593,0
698815.7427,5670472.906,210.4958074,5593,0
698833.6195,5670468.912,212.2779979,5593,0
698851.4964,5670464.918,214.0601883,5593,0
698869.3733,5670460.924,215.8423788,5593,0
698887.2502,5670456.93,217.6245692,5593,0
698905.1271,5670452.936,219.4067597,5593,0
698923.004,5670448.943,221.1889501,5593,0
698940.8809,5670444.949,222.9711405,5593,0
698958.7578,5670440.955,224.753331,5593,0
698976.6346,5670436.961,226.5355214,5593,0
698994.5115,5670432.967,228.3177119,5593,0
699012.3884,5670428.973,230.0999023,5593,0
699030.2653,5670424.979,231.8820928,5593,0
699048.1422,5670420.985,233.6642832,5593,0
699066.0191,5670416.992,235.4464736,5593,0
699083.896,5670412.998,237.2286641,5593,0
699101.7729,5670409.004,239.0108545,5593,0
699119.6497,5670405.01,240.793045,5593,0
699137.5266,5670401.016,242.5752354,5593,0
699155.4035,5670397.022,244.3574259,5593,0
699173.2804,5670393.028,246.1396163,5593,0
699191.1573,5670389.035,247.9218067,5593,0
699209.0342,5670385.041,249.7039972,5593,0
699226.9111,5670381.047,251.4861876,5593,0
699244.788,5670377.053,253.2683781,5593,0
699262.6648,5670373.059,255.0505685,5593,0
699280.5417,5670369.065,256.8327589,5593,0
699298.4186,5670365.071,258.6149494,5593,0
699316.2955,5670361.077,260.3971398,5593,0
699334.1724,5670357.084,262.1793303,5593,0
699352.0493,5670353.09,263.9615207,5593,0
699369.9262,5670349.096,265.7437112,5593,0
699387.803,5670345.102,267.5259016,5593,0
699405.6799,5670341.108,269.308092,5593,0
699423.5568,5670337.114,271.0902825,5593,0
699441.4337,5670333.12,272.8724729,5593,0
699459.3106,5670329.127,274.6546634,5593,0
699477.1875,5670325.133,276.4368538,5593,0
699495.0644,5670321.139,278.2190443,5593,0
699512.9413,5670317.145,280.0012347,5593,0
699530.8181,5670313.151,281.7834251,5593,0
699548.695,5670309.157,283.5656156,5593,0
699566.5719,5670305.163,285.347806,5593,0
699584.4488,5670301.169,287.1299965,5593,0
699602.3257,5670297.176,288.9121869,5593,0
699620.2026,5670293.182,290.6943774,5593,0
699638.0795,5670289.188,292.4765678,5593,0
699655.9564,5670285.194,294.2587582,5593,0
699673.8332,5670281.2,296.0409487,5593,0
699691.7101,5670277.206,297.8231391,5593,0
699709.587,5670273.212,299.6053296,5593,0
699727.4639,5670269.219,301.38752,5593,0
699745.3408,5670265.225,303.1697105,5593,0
699763.2177,5670261.231,304.9519009,5593,0
699781.0946,5670257.237,306.7340913,5593,0
699798.9715,5670253.243,308.5162818,5593,0
699816.8483,5670249.249,310.2984722,5593,0

696962.5723,5669731.201,100,473,0
696958.3864,5669749.734,100,473,0
696954.2005,5669768.267,100,473,0
696950.0146,5669786.8,100,473,0
696945.8287,5669805.334,100,473,0
696941.6428,5669823.867,100,473,0
696937.4569,5669842.4,100,473,0
696933.271,5669860.933,100,473,0
696929.0851,5669879.466,100,473,0
696924.8992,5669897.999,100,473,0
696920.7133,5669916.533,100,473,0
696916.5274,5669935.066,100,473,0
696912.3415,5669953.599,100,473,0
696908.1556,5669972.132,100,473,0
696903.9697,5669990.665,100,473,0
696899.7838,5670009.198,100,473,0
696895.5979,5670027.732,100,473,0
696891.412,5670046.265,100,473,0
696887.2261,5670064.798,100,473,0
696883.0402,5670083.331,100,473,0
696878.8543,5670101.864,100,473,0
696874.6684,5670120.397,100,473,0
696870.4825,5670138.931,100,473,0
696888.7962,5670142.903,100.6969136,473,0
696907.1099,5670146.875,101.3938272,473,0
696925.4236,5670150.847,102.0907408,473,0
696943.7373,5670154.819,102.7876543,473,0
696962.051,5670158.791,103.4845679,473,0
696980.3648,5670162.763,104.1814815,473,0
696998.6785,5670166.735,104.8783951,473,0
697016.9922,5670170.707,105.5753087,473,0
697035.3059,5670174.679,106.2722223,473,0
697053.6196,5670178.651,106.9691359,473,0
697071.9333,5670182.623,107.6660495,473,0
697090.2471,5670186.595,108.362963,473,0
697108.5608,5670190.567,109.0598766,473,0
697126.8745,5670194.539,109.7567902,473,0
697145.1882,5670198.511,110.4537038,473,0
697163.5019,5670202.483,111.1506174,473,0
697181.8156,5670206.455,111.847531,473,0
697200.1294,5670210.427,112.5444446,473,0
697218.4431,5670214.399,113.2413581,473,0
697236.7568,5670218.371,113.9382717,473,0
697255.0705,5670222.343,114.6351853,473,0
697273.3842,5670226.315,115.3320989,473,0
697291.6979,5670230.287,116.0290125,473,0
697310.0117,5670234.259,116.7259261,473,0
697328.3254,5670238.231,117.4228397,473,0
697346.6391,5670242.203,118.1197532,473,0
697364.9528,5670246.175,118.8166668,473,0
697383.2665,5670250.147,119.5135804,473,0
697401.5802,5670254.119,120.210494,473,0
697419.894,5670258.091,120.9074076,473,0
697438.2077,5670262.063,121.6043212,473,0
697456.5214,5670266.035,122.3012348,473,0
697474.8351,5670270.007,122.9981484,473,0
697493.1488,5670273.979,123.6950619,473,0
697511.4625,5670277.951,124.3919755,473,0
697529.7763,5670281.923,125.0888891,473,1
697548.09,5670285.895,125.7858027,473,0
697566.4037,5670289.867,126.4827163,473,0
697584.7174,5670293.839,127.1796299,473,0
697603.0311,5670297.811,127.8765435,473,0
697621.3448,5670301.783,128.573457,473,0
697639.6586,5670305.755,129.2703706,473,0
697657.9723,5670309.727,129.9672842,473,0
697676.286,5670313.7,130.6641978,473,0
697694.5997,5670317.672,131.3611114,473,0
697712.9134,5670321.644,132.058025,473,0
697731.2271,5670325.616,132.7549386,473,0
697749.5409,5670329.588,133.4518521,473,0
697767.8546,5670333.56,134.1487657,473,0
697786.1683,5670337.532,134.8456793,473,0
697804.482,5670341.504,135.5425929,473,0
697822.7957,5670345.476,136.2395065,473,0
697841.1094,5670349.448,136.9364201,473,0
697859.4232,5670353.42,137.6333337,473,0
697877.7369,5670357.392,138.3302473,473,0
697896.0506,5670361.364,139.0271608,473,0
697914.3643,5670365.336,139.7240744,473,0
697932.678,5670369.308,140.420988,473,0
697950.9917,5670373.28,141.1179016,473,0
697969.3055,5670377.252,141.8148152,473,0
697987.6192,5670381.224,142.5117288,473,0
698005.9329,5670385.196,143.2086424,473,0
698024.2466,5670389.168,143.9055559,473,0
698042.5603,5670393.14,144.6024695,473,0
698060.874,5670397.112,145.2993831,473,0
698079.1877,5670401.084,145.9962967,473,0
698097.5015,5670405.056,146.6932103,473,0
698115.8152,5670409.028,147.3901239,473,0
698134.1289,5670413,148.0870375,473,0
698152.4426,5670416.972,148.783951,473,0
698170.7563,5670420.944,149.4808646,473,0
698189.07,5670424.916,150.1777782,473,0
698207.3838,5670428.888,150.8746918,473,0
698225.6975,5670432.86,151.5716054,473,0
698244.0112,5670436.832,152.268519,473,0
698262.3249,5670440.804,152.9654326,473,0
698280.6386,5670444.776,153.6623462,473,0
698298.9523,5670448.748,154.3592597,473,0
698317.2661,5670452.72,155.0561733,473,0
698335.5798,5670456.692,155.7530869,473,0
698353.8935,5670460.664,156.4500005,473,0
698372.2072,5670464.636,157.1469141,473,0
698390.5209,5670468.608,157.8438277,473,0
698408.8346,5670472.58,158.5407413,473,0
698427.1484,5670476.552,159.2376548,473,0
698445.4621,5670480.524,159.9345684,473,0
698463.7758,5670484.496,160.631482,473,0
698482.0895,5670488.469,161.3283956,473,0
698500.4032,5670492.441,162.0253092,473,0
698518.7169,5670496.413,162.7222228,473,0
698537.0307,5670500.385,163.4191364,473,0
698555.3444,5670504.357,164.1160499,473,0
698573.6581,5670508.329,164.8129635,473,0
698591.9718,5670512.301,165.5098771,473,0
698610.2855,5670516.273,166.2067907,473,0
698628.5992,5670520.245,166.9037043,473,0

696962.5723,5669731.201,100,2683,0
696958.3864,5669749.734,100,2683,0
696954.2005,5669768.267,100,2683,0
696950.0146,5669786.8,100,2683,0
696945.8287,5669805.334,100,2683,0
696961.3223,5669815.81,100.7923549,2683,0
696976.816,5669826.287,101.5847098,2683,0
696992.3096,5669836.763,102.3770647,2683,0
697007.8033,5669847.24,103.1694196,2683,0
697023.2969,5669857.716,103.9617744,2683,0
697038.7906,5669868.193,104.7541293,2683,0
697054.2842,5669878.669,105.5464842,2683,0
697069.7779,5669889.146,106.3388391,2683,0
697085.2715,5669899.622,107.131194,2683,0
697100.7652,5669910.099,107.9235489,2683,0
697116.2588,5669920.576,108.7159038,2683,0
697131.7525,5669931.052,109.5082587,2683,0
697147.2461,5669941.529,110.3006135,2683,0
697162.7398,5669952.005,111.0929684,2683,0
697178.2334,5669962.482,111.8853233,2683,0
697193.7271,5669972.958,112.6776782,2683,0
697209.2207,5669983.435,113.4700331,2683,0
697224.7144,5669993.911,114.262388,2683,0
697240.208,5670004.388,115.0547429,2683,0
697255.7017,5670014.864,115.8470978,2683,0
697271.1953,5670025.341,116.6394527,2683,0
697286.689,5670035.818,117.4318075,2683,0
697302.1826,5670046.294,118.2241624,2683,0
697317.6763,5670056.771,119.0165173,2683,0
697333.1699,5670067.247,119.8088722,2683,0
697348.6636,5670077.724,120.6012271,2683,0
697364.1572,5670088.2,121.393582,2683,0
697379.6509,5670098.677,122.1859369,2683,0
697395.1445,5670109.153,122.9782918,2683,0
697410.6382,5670119.63,123.7706467,2683,0
697426.1318,5670130.106,124.5630015,2683,0
697441.6255,5670140.583,125.3553564,2683,0
697457.1191,5670151.06,126.1477113,2683,0
697472.6128,5670161.536,126.9400662,2683,0
697488.1064,5670172.013,127.7324211,2683,0
697503.6001,5670182.489,128.524776,2683,0
697519.0937,5670192.966,129.3171309,2683,0
697534.5874,5670203.442,130.1094858,2683,0
697550.081,5670213.919,130.9018406,2683,0
697565.5746,5670224.395,131.6941955,2683,0
697581.0683,5670234.872,132.4865504,2683,0
697596.5619,5670245.348,133.2789053,2683,0
697612.0556,5670255.825,134.0712602,2683,0
697627.5492,5670266.302,134.8636151,2683,0
697643.0429,5670276.778,135.65597,2683,0
697658.5365,5670287.255,136.4483249,2683,0
697674.0302,5670297.731,137.2406798,2683,0
697689.5238,5670308.208,138.0330346,2683,0
697705.0175,5670318.684,138.8253895,2683,0
697720.5111,5670329.161,139.6177444,2683,0
697736.0048,5670339.637,140.4100993,2683,1
697751.4984,5670350.114,141.2024542,2683,0
697766.9921,5670360.59,141.9948091,2683,0
697782.4857,5670371.067,142.787164,2683,0
697797.9794,5670381.544,143.5795189,2683,0
697813.473,5670392.02,144.3718737,2683,0
697828.9667,5670402.497,145.1642286,2683,0
697844.4603,5670412.973,145.9565835,2683,0
697859.954,5670423.45,146.7489384,2683,0
697875.4476,5670433.926,147.5412933,2683,0
697890.9413,5670444.403,148.3336482,2683,0
697906.4349,5670454.879,149.1260031,2683,0
697921.9286,5670465.356,149.918358,2683,0
697937.4222,5670475.832,150.7107129,2683,0
697952.9159,5670486.309,151.5030677,2683,0
697968.4095,5670496.786,152.2954226,2683,0
697983.9032,5670507.262,153.0877775,2683,0
697999.3968,5670517.739,153.8801324,2683,0
698014.8905,5670528.215,154.6724873,2683,0
698030.3841,5670538.692,155.4648422,2683,0
698045.8778,5670549.168,156.2571971,2683,0
698061.3714,5670559.645,157.049552,2683,0
698076.8651,5670570.121,157.8419068,2683,0
698092.3587,5670580.598,158.6342617,2683,0
698107.8524,5670591.074,159.4266166,2683,0
698123.346,5670601.551,160.2189715,2683,0
698138.8397,5670612.028,161.0113264,2683,0
698154.3333,5670622.504,161.8036813,2683,0
698169.827,5670632.981,162.5960362,2683,0
698185.3206,5670643.457,163.3883911,2683,0
698200.8143,5670653.934,164.180746,2683,0
698216.3079,5670664.41,164.9731008,2683,0
698231.8016,5670674.887,165.7654557,2683,0
698247.2952,5670685.363,166.5578106,2683,0
698262.7889,5670695.84,167.3501655,2683,0
698278.2825,5670706.316,168.1425204,2683,0
698293.7762,5670716.793,168.9348753,2683,0
698309.2698,5670727.27,169.7272302,2683,0
698324.7635,5670737.746,170.5195851,2683,0
698340.2571,5670748.223,171.31194,2683,0
698355.7508,5670758.699,172.1042948,2683,0
698371.2444,5670769.176,172.8966497,2683,0
698386.7381,5670779.652,173.6890046,2683,0
698402.2317,5670790.129,174.4813595,2683,0
698417.7254,5670800.605,175.2737144,2683,0
698433.219,5670811.082,176.0660693,2683,0
698448.7127,5670821.558,176.8584242,2683,0
698464.2063,5670832.035,177.6507791,2683,0
698479.7,5670842.512,178.4431339,2683,0
698495.1936,5670852.988,179.2354888,2683,0
698510.6873,5670863.465,180.0278437,2683,0
698526.1809,5670873.941,180.8201986,2683,0
698541.6746,5670884.418,181.6125535,2683,0
698557.1682,5670894.894,182.4049084,2683,0
698572.6619,5670905.371,183.1972633,2683,0
698588.1555,5670915.847,183.9896182,2683,0
698603.6492,5670926.324,184.7819731,2683,0
698619.1428,5670936.8,185.5743279,2683,0
698634.6365,5670947.277,186.3666828,2683,0
698650.1301,5670957.753,187.1590377,2683,0
698665.6238,5670968.23,187.9513926,2683,0
698681.1174,5670978.707,188.7437475,2683,0
698696.6111,5670989.183,189.5361024,2683,0
698712.1047,5670999.66,190.3284573,2683,0

696900.5668,5669716.804,100,2057,0
696897.5647,5669735.565,100,2057,0
696894.5627,5669754.326,100,2057,0
696891.5607,5669773.088,100,2057,0
696888.5587,5669791.849,100,2057,0
696885.5566,5669810.61,100,2057,0
696882.5546,5669829.372,100,2057,0
696879.5526,5669848.133,100,2057,0
696876.5506,5669866.894,100,2057,0
696873.5485,5669885.656,100,2057,0
696870.5465,5669904.417,100,2057,0
696867.5445,5669923.178,100,2057,0
696864.5424,5669941.94,100,2057,0
696861.5404,5669960.701,100,2057,0
696858.5384,5669979.462,100,2057,0
696855.5364,5669998.224,100,2057,0
696852.5343,5670016.985,100,2057,0
696849.5323,5670035.746,100,2057,0
696846.5303,5670054.508,100,2057,0
696843.5283,5670073.269,100,2057,0
696840.5262,5670092.03,100,2057,0
696837.5242,5670110.792,100,2057,0
696834.5222,5670129.553,100,2057,0
696831.5202,5670148.314,100,2057,0
696828.5181,5670167.076,100,2057,0
696825.5161,5670185.837,100,2057,0
696844.1556,5670188.072,100.6081577,2057,0
696862.7952,5670190.308,101.2163154,2057,0
696881.4347,5670192.543,101.8244731,2057,0
696900.0743,5670194.778,102.4326308,2057,0
696918.7138,5670197.014,103.0407885,2057,0
696937.3534,5670199.249,103.6489462,2057,0
696955.9929,5670201.484,104.2571039,2057,0
696974.6325,5670203.72,104.8652616,2057,0
696993.272,5670205.955,105.4734193,2057,0
697011.9116,5670208.19,106.081577,2057,0
697030.5511,5670210.426,106.6897347,2057,0
697049.1907,5670212.661,107.2978924,2057,0
697067.8302,5670214.896,107.9060502,2057,0
697086.4697,5670217.132,108.5142079,2057,0
697105.1093,5670219.367,109.1223656,2057,0
697123.7488,5670221.602,109.7305233,2057,0
697142.3884,5670223.838,110.338681,2057,0
697161.0279,5670226.073,110.9468387,2057,0
697179.6675,5670228.308,111.5549964,2057,0
697198.307,5670230.544,112.1631541,2057,0
697216.9466,5670232.779,112.7713118,2057,0
697235.5861,5670235.014,113.3794695,2057,0
697254.2257,5670237.25,113.9876272,2057,0
697272.8652,5670239.485,114.5957849,2057,0
697291.5048,5670241.72,115.2039426,2057,0
697310.1443,5670243.956,115.8121003,2057,0
697328.7839,5670246.191,116.420258,2057,0
697347.4234,5670248.426,117.0284157,2057,0
697366.0629,5670250.662,117.6365734,2057,0
697384.7025,5670252.897,118.2447311,2057,0
697403.342,5670255.132,118.8528888,2057,0
697421.9816,5670257.368,119.4610465,2057,0
697440.6211,5670259.603,120.0692042,2057,0
697459.2607,5670261.838,120.6773619,2057,1
697477.9002,5670264.074,121.2855196,2057,0
697496.5398,5670266.309,121.8936773,2057,0
697515.1793,5670268.544,122.501835,2057,0
697533.8189,5670270.78,123.1099928,2057,0
697552.4584,5670273.015,123.7181505,2057,0
697571.098,5670275.25,124.3263082,2057,0
697589.7375,5670277.486,124.9344659,2057,0
697608.377,5670279.721,125.5426236,2057,0
697627.0166,5670281.956,126.1507813,2057,0
697645.6561,5670284.192,126.758939,2057,0
697664.2957,5670286.427,127.3670967,2057,0
697682.9352,5670288.662,127.9752544,2057,0
697701.5748,5670290.898,128.5834121,2057,0
697720.2143,5670293.133,129.1915698,2057,0
697738.8539,5670295.368,129.7997275,2057,0
697757.4934,5670297.604,130.4078852,2057,0
697776.133,5670299.839,131.0160429,2057,0
697794.7725,5670302.074,131.6242006,2057,0
697813.4121,5670304.31,132.2323583,2057,0
697832.0516,5670306.545,132.840516,2057,0
697850.6912,5670308.78,133.4486737,2057,0
697869.3307,5670311.016,134.0568314,2057,0
697887.9702,5670313.251,134.6649891,2057,0
697906.6098,5670315.486,135.2731468,2057,0
697925.2493,5670317.722,135.8813045,2057,0
697943.8889,5670319.957,136.4894622,2057,0
697962.5284,5670322.192,137.0976199,2057,0
697981.168,5670324.428,137.7057776,2057,0
697999.8075,5670326.663,138.3139353,2057,0
698018.4471,5670328.898,138.9220931,2057,0
698037.0866,5670331.134,139.5302508,2057,0
698055.7262,5670333.369,140.1384085,2057,0
698074.3657,5670335.604,140.7465662,2057,0
698093.0053,5670337.84,141.3547239,2057,0
698111.6448,5670340.075,141.9628816,2057,0
698130.2843,5670342.31,142.5710393,2057,0
698148.9239,5670344.546,143.179197,2057,0
698167.5634,5670346.781,143.7873547,2057,0
698186.203,5670349.016,144.3955124,2057,0
698204.8425,5670351.252,145.0036701,2057,0
698223.4821,5670353.487,145.6118278,2057,0
698242.1216,5670355.722,146.2199855,2057,0
698260.7612,5670357.958,146.8281432,2057,0
698279.4007,5670360.193,147.4363009,2057,0
698298.0403,5670362.428,148.0444586,2057,0
698316.6798,5670364.663,148.6526163,2057,0
698335.3194,5670366.899,149.260774,2057,0
698353.9589,5670369.134,149.8689317,2057,0
698372.5985,5670371.369,150.4770894,2057,0
698391.238,5670373.605,151.0852471,2057,0
698409.8775,5670375.84,151.6934048,2057,0
698428.5171,5670378.075,152.3015625,2057,0
698447.1566,5670380.311,152.9097202,2057,0
698465.7962,5670382.546,153.5178779,2057,0
698484.4357,5670384.781,154.1260357,2057,0
698503.0753,5670387.017,154.7341934,2057,0
698521.7148,5670389.252,155.3423511,2057,0
698540.3544,5670391.487,155.9505088,2057,0
698558.9939,5670393.723,156.5586665,2057,0

696900.5668,5669716.804,100,6681,0
696897.5647,5669735.565,100,6681,0
696894.5627,5669754.326,100,6681,0
696891.5607,5669773.088,100,6681,0
696888.5587,5669791.849,100,6681,0
696885.5566,5669810.61,100,6681,0
696882.5546,5669829.372,100,6681,0
696879.5526,5669848.133,100,6681,0
696876.5506,5669866.894,100,6681,0
696873.5485,5669885.656,100,6681,0
696870.5465,5669904.417,100,6681,0
696867.5445,5669923.178,100,6681,0
696864.5424,5669941.94,100,6681,0
696861.5404,5669960.701,100,6681,0
696858.5384,5669979.462,100,6681,0
696855.5364,5669998.224,100,6681,0
696852.5343,5670016.985,100,6681,0
696849.5323,5670035.746,100,6681,0
696846.5303,5670054.508,100,6681,0
696843.5283,5670073.269,100,6681,0
696840.5262,5670092.03,100,6681,0
696837.5242,5670110.792,100,6681,0
696834.5222,5670129.553,100,6681,0
696831.5202,5670148.314,100,6681,0
696828.5181,5670167.076,100,6681,0
696825.5161,5670185.837,100,6681,0
696844.116,5670188.135,100.6920416,6681,0
696862.7159,5670190.434,101.3840833,6681,0
696881.3158,5670192.732,102.0761249,6681,0
696899.9157,5670195.03,102.7681666,6681,0
696918.5156,5670197.328,103.4602082,6681,0
696937.1155,5670199.627,104.1522499,6681,0
696955.7154,5670201.925,104.8442915,6681,0
696974.3153,5670204.223,105.5363332,6681,0
696992.9152,5670206.521,106.2283748,6681,0
697011.5151,5670208.82,106.9204165,6681,0
697030.115,5670211.118,107.6124581,6681,0
697048.7149,5670213.416,108.3044998,6681,0
697067.3149,5670215.714,108.9965414,6681,0
697085.9148,5670218.013,109.6885831,6681,0
697104.5147,5670220.311,110.3806247,6681,0
697123.1146,5670222.609,111.0726664,6681,0
697141.7145,5670224.907,111.764708,6681,0
697160.3144,5670227.206,112.4567497,6681,0
697178.9143,5670229.504,113.1487913,6681,0
697197.5142,5670231.802,113.840833,6681,0
697216.1141,5670234.1,114.5328746,6681,0
697234.714,5670236.399,115.2249163,6681,0
697253.3139,5670238.697,115.9169579,6681,0
697271.9138,5670240.995,116.6089996,6681,0
697290.5137,5670243.293,117.3010412,6681,0
697309.1136,5670245.592,117.9930829,6681,0
697327.7135,5670247.89,118.6851245,6681,0
697346.3134,5670250.188,119.3771662,6681,0
697364.9133,5670252.487,120.0692078,6681,0
697383.5132,5670254.785,120.7612495,6681,0
697402.1131,5670257.083,121.4532911,6681,0
697420.713,5670259.381,122.1453328,6681,0
697439.3129,5670261.68,122.8373744,6681,0
697457.9128,5670263.978,123.5294161,6681,1
697476.5127,5670266.276,124.2214577,6681,0
697495.1126,5670268.574,124.9134994,6681,0
697513.7126,5670270.873,125.605541,6681,0
697532.3125,5670273.171,126.2975827,6681,0
697550.9124,5670275.469,126.9896243,6681,0
697569.5123,5670277.767,127.681666,6681,0
697588.1122,5670280.066,128.3737076,6681,0
697606.7121,5670282.364,129.0657493,6681,0
697625.312,5670284.662,129.7577909,6681,0
697643.9119,5670286.96,130.4498326,6681,0
697662.5118,5670289.259,131.1418742,6681,0
697681.1117,5670291.557,131.8339159,6681,0
697699.7116,5670293.855,132.5259575,6681,0
697718.3115,5670296.153,133.2179992,6681,0
697736.9114,5670298.452,133.9100408,6681,0
697755.5113,5670300.75,134.6020825,6681,0
697774.1112,5670303.048,135.2941241,6681,0
697792.7111,5670305.346,135.9861658,6681,0
697811.311,5670307.645,136.6782074,6681,0
697829.9109,5670309.943,137.3702491,6681,0
697848.5108,5670312.241,138.0622907,6681,0
697867.1107,5670314.539,138.7543324,6681,0
697885.7106,5670316.838,139.446374,6681,0
697904.3105,5670319.136,140.1384157,6681,0
697922.9104,5670321.434,140.8304573,6681,0
697941.5103,5670323.732,141.522499,6681,0
697960.1102,5670326.031,142.2145406,6681,0
697978.7102,5670328.329,142.9065823,6681,0
697997.3101,5670330.627,143.5986239,6681,0
698015.91,5670332.926,144.2906656,6681,0
698034.5099,5670335.224,144.9827072,6681,0
698053.1098,5670337.522,145.6747489,6681,0
698071.7097,5670339.82,146.3667905,6681,0
698090.3096,5670342.119,147.0588322,6681,0
698108.9095,5670344.417,147.7508738,6681,0
698127.5094,5670346.715,148.4429155,6681,0
698146.1093,5670349.013,149.1349571,6681,0
698164.7092,5670351.312,149.8269988,6681,0
698183.3091,5670353.61,150.5190404,6681,0
698201.909,5670355.908,151.2110821,6681,0
698220.5089,5670358.206,151.9031237,6681,0
698239.1088,5670360.505,152.5951654,6681,0
698257.7087,5670362.803,153.287207,6681,0
698276.3086,5670365.101,153.9792487,6681,0
698294.9085,5670367.399,154.6712903,6681,0
698313.5084,5670369.698,155.363332,6681,0
698332.1083,5670371.996,156.0553736,6681,0
698350.7082,5670374.294,156.7474153,6681,0
698369.3081,5670376.592,157.4394569,6681,0
698387.908,5670378.891,158.1314986,6681,0
698406.5079,5670381.189,158.8235402,6681,0
698425.1079,5670383.487,159.5155819,6681,0
698443.7078,5670385.785,160.2076235,6681,0
698462.3077,5670388.084,160.8996652,6681,0
698480.9076,5670390.382,161.5917068,6681,0
698499.5075,5670392.68,162.2837485,6681,0
698518.1074,5670394.978,162.9757901,6681,0
698536.7073,5670397.277,163.6678318,6681,0
698555.3072,5670399.575,164.3598734,6681,0

696774.4389,5669699.904,100,5597,0
696773.8361,5669718.895,100,5597,0
696773.2333,5669737.885,100,5597,0
696772.6304,5669756.876,100,5597,0
696772.0276,5669775.866,100,5597,0
696771.4248,5669794.856,100,5597,0
696770.822,5669813.847,100,5597,0
696770.2191,5669832.837,100,5597,0
696769.6163,5669851.828,100,5597,0
696769.0135,5669870.818,100,5597,0
696768.4106,5669889.809,100,5597,0
696767.8078,5669908.799,100,5597,0
696767.205,5669927.79,100,5597,0
696766.6021,5669946.78,100,5597,0
696765.9993,5669965.77,100,5597,0
696783.3026,5669972.994,100.6677422,5597,0
696800.6058,5669980.218,101.3354845,5597,0
696817.9091,5669987.441,102.0032267,5597,0
696835.2124,5669994.665,102.6709689,5597,0
696852.5156,5670001.888,103.3387112,5597,0
696869.8189,5670009.112,104.0064534,5597,0
696887.1222,5670016.336,104.6741956,5597,0
696904.4254,5670023.559,105.3419379,5597,0
696921.7287,5670030.783,106.0096801,5597,0
696939.032,5670038.007,106.6774223,5597,0
696956.3352,5670045.23,107.3451646,5597,0
696973.6385,5670052.454,108.0129068,5597,0
696990.9418,5670059.677,108.680649,5597,0
697008.245,5670066.901,109.3483913,5597,0
697025.5483,5670074.125,110.0161335,5597,0
697042.8516,5670081.348,110.6838757,5597,0
697060.1548,5670088.572,111.351618,5597,0
697077.4581,5670095.795,112.0193602,5597,0
697094.7614,5670103.019,112.6871024,5597,0
697112.0646,5670110.243,113.3548447,5597,0
697129.3679,5670117.466,114.0225869,5597,0
697146.6711,5670124.69,114.6903291,5597,0
697163.9744,5670131.914,115.3580714,5597,0
697181.2777,5670139.137,116.0258136,5597,0
697198.5809,5670146.361,116.6935558,5597,0
697215.8842,5670153.584,117.3612981,5597,0
697233.1875,5670160.808,118.0290403,5597,0
697250.4907,5670168.032,118.6967825,5597,0
697267.794,5670175.255,119.3645248,5597,0
697285.0973,5670182.479,120.032267,5597,0
697302.4005,5670189.703,120.7000092,5597,0
697319.7038,5670196.926,121.3677515,5597,0
697337.0071,5670204.15,122.0354937,5597,0
697354.3103,5670211.373,122.703236,5597,0
697371.6136,5670218.597,123.3709782,5597,0
697388.9169,5670225.821,124.0387204,5597,0
697406.2201,5670233.044,124.7064627,5597,0
697423.5234,5670240.268,125.3742049,5597,0
697440.8267,5670247.491,126.0419471,5597,0
697458.1299,5670254.715,126.7096894,5597,0
697475.4332,5670261.939,127.3774316,5597,0
697492.7365,5670269.162,128.0451738,5597,0
697510.0397,5670276.386,128.7129161,5597,0
697527.343,5670283.61,129.3806583,5597,1
697544.6463,5670290.833,130.0484005,5597,0
697561.9495,5670298.057,130.7161428,5597,0
697579.2528,5670305.28,131.383885,5597,0
697596.5561,5670312.504,132.0516272,5597,0
697613.8593,5670319.728,132.7193695,5597,0
697631.1626,5670326.951,133.3871117,5597,0
697648.4658,5670334.175,134.0548539,5597,0
697665.7691,5670341.398,134.7225962,5597,0
697683.0724,5670348.622,135.3903384,5597,0
697700.3756,5670355.846,136.0580806,5597,0
697717.6789,5670363.069,136.7258229,5597,0
697734.9822,5670370.293,137.3935651,5597,0
697752.2854,5670377.517,138.0613073,5597,0
697769.5887,5670384.74,138.7290496,5597,0
697786.892,5670391.964,139.3967918,5597,0
697804.1952,5670399.187,140.064534,5597,0
697821.4985,5670406.411,140.7322763,5597,0
697838.8018,5670413.635,141.4000185,5597,0
697856.105,5670420.858,142.0677607,5597,0
697873.4083,5670428.082,142.735503,5597,0
697890.7116,5670435.306,143.4032452,5597,0
697908.0148,5670442.529,144.0709874,5597,0
697925.3181,5670449.753,144.7387297,5597,0
697942.6214,5670456.976,145.4064719,5597,0
697959.9246,5670464.2,146.0742141,5597,0
697977.2279,5670471.424,146.7419564,5597,0
697994.5312,5670478.647,147.4096986,5597,0
698011.8344,5670485.871,148.0774408,5597,0
698029.1377,5670493.094,148.7451831,5597,0
698046.441,5670500.318,149.4129253,5597,0
698063.7442,5670507.542,150.0806675,5597,0
698081.0475,5670514.765,150.7484098,5597,0
698098.3508,5670521.989,151.416152,5597,0
698115.654,5670529.213,152.0838942,5597,0
698132.9573,5670536.436,152.7516365,5597,0
698150.2605,5670543.66,153.4193787,5597,0
698167.5638,5670550.883,154.0871209,5597,0
698184.8671,5670558.107,154.7548632,5597,0
698202.1703,5670565.331,155.4226054,5597,0
698219.4736,5670572.554,156.0903476,5597,0
698236.7769,5670579.778,156.7580899,5597,0
698254.0801,5670587.001,157.4258321,5597,0
698271.3834,5670594.225,158.0935743,5597,0
698288.6867,5670601.449,158.7613166,5597,0
698305.9899,5670608.672,159.4290588,5597,0
698323.2932,5670615.896,160.096801,5597,0
698340.5965,5670623.12,160.7645433,5597,0
698357.8997,5670630.343,161.4322855,5597,0
698375.203,5670637.567,162.1000277,5597,0
698392.5063,5670644.79,162.76777,5597,0
698409.8095,5670652.014,163.4355122,5597,0
698427.1128,5670659.238,164.1032544,5597,0
698444.4161,5670666.461,164.7709967,5597,0
698461.7193,5670673.685,165.4387389,5597,0
698479.0226,5670680.909,166.1064811,5597,0
698496.3259,5670688.132,166.7742234,5597,0
698513.6291,5670695.356,167.4419656,5597,0
698530.9324,5670702.579,168.1097079,5597,0
698548.2357,5670709.803,168.7774501,5597,0
698565.5389,5670717.027,169.4451923,5597,0

696710.8245,5669697.47,100,9442,0
696726.3878,5669708.016,100.5371511,9442,0
696741.9511,5669718.562,101.0743022,9442,0
696757.5144,5669729.109,101.6114533,9442,0
696773.0777,5669739.655,102.1486044,9442,0
696788.641,5669750.201,102.6857555,9442,0
696804.2042,5669760.747,103.2229066,9442,0
696819.7675,5669771.293,103.7600577,9442,0
696835.3308,5669781.839,104.2972088,9442,0
696850.8941,5669792.385,104.8343599,9442,0
696866.4574,5669802.931,105.371511,9442,0
696882.0207,5669813.477,105.9086621,9442,0
696897.584,5669824.023,106.4458132,9442,0
696913.1473,5669834.569,106.9829643,9442,0
696928.7106,5669845.115,107.5201154,9442,0
696944.2739,5669855.661,108.0572665,9442,0
696959.8372,5669866.208,108.5944176,9442,0
696975.4005,5669876.754,109.1315687,9442,0
696990.9638,5669887.3,109.6687198,9442,0
697006.5271,5669897.846,110.2058709,9442,0
697022.0904,5669908.392,110.743022,9442,0
697037.6537,5669918.938,111.2801731,9442,0
697053.217,5669929.484,111.8173242,9442,0
697068.7802,5669940.03,112.3544753,9442,0
697084.3435,5669950.576,112.8916264,9442,0
697099.9068,5669961.122,113.4287775,9442,0
697115.4701,5669971.668,113.9659286,9442,0
697131.0334,5669982.214,114.5030797,9442,0
697146.5967,5669992.76,115.0402308,9442,0
697162.16,5670003.306,115.5773819,9442,0
697177.7233,5670013.853,116.114533,9442,0
697193.2866,5670024.399,116.6516841,9442,0
697208.8499,5670034.945,117.1888352,9442,0
697224.4132,5670045.491,117.7259863,9442,0
697239.9765,5670056.037,118.2631374,9442,0
697255.5398,5670066.583,118.8002885,9442,0
697271.1031,5670077.129,119.3374396,9442,0
697286.6664,5670087.675,119.8745907,9442,0
697302.2297,5670098.221,120.4117418,9442,0
697317.793,5670108.767,120.9488929,9442,0
697333.3562,5670119.313,121.486044,9442,0
697348.9195,5670129.859,122.0231951,9442,0
697364.4828,5670140.405,122.5603462,9442,0
697380.0461,5670150.951,123.0974973,9442,0
697395.6094,5670161.498,123.6346484,9442,0
697411.1727,5670172.044,124.1717995,9442,0
697426.736,5670182.59,124.7089506,9442,0
697442.2993,5670193.136,125.2461017,9442,0
697457.8626,5670203.682,125.7832528,9442,0
697473.4259,5670214.228,126.3204039,9442,0
697488.9892,5670224.774,126.857555,9442,0
697504.5525,5670235.32,127.3947061,9442,0
697520.1158,5670245.866,127.9318572,9442,0
697535.6791,5670256.412,128.4690083,9442,0
697551.2424,5670266.958,129.0061594,9442,0
697566.8057,5670277.504,129.5433105,9442,0
697582.369,5670288.05,130.0804616,9442,0
697597.9322,5670298.597,130.6176127,9442,1
697613.4955,5670309.143,131.1547638,9442,0
697629.0588,5670319.689,131.6919149,9442,0
697644.6221,5670330.235,132.229066,9442,0
697660.1854,5670340.781,132.7662171,9442,0
697675.7487,5670351.327,133.3033682,9442,0
697691.312,5670361.873,133.8405193,9442,0
697706.8753,5670372.419,134.3776704,9442,0
697722.4386,5670382.965,134.9148215,9442,0
697738.0019,5670393.511,135.4519726,9442,0
697753.5652,5670404.057,135.9891237,9442,0
697769.1285,5670414.603,136.5262748,9442,0
697784.6918,5670425.149,137.0634259,9442,0
697800.2551,5670435.695,137.600577,9442,0
697815.8184,5670446.242,138.1377281,9442,0
697831.3817,5670456.788,138.6748792,9442,0
697846.945,5670467.334,139.2120303,9442,0
697862.5082,5670477.88,139.7491814,9442,0
697878.0715,5670488.426,140.2863325,9442,0
697893.6348,5670498.972,140.8234836,9442,0
697909.1981,5670509.518,141.3606347,9442,0
697924.7614,5670520.064,141.8977858,9442,0
697940.3247,5670530.61,142.4349369,9442,0
697955.888,5670541.156,142.972088,9442,0
697971.4513,5670551.702,143.5092391,9442,0
697987.0146,5670562.248,144.0463902,9442,0
698002.5779,5670572.794,144.5835413,9442,0
698018.1412,5670583.34,145.1206924,9442,0
698033.7045,5670593.887,145.6578435,9442,0
698049.2678,5670604.433,146.1949946,9442,0
698064.8311,5670614.979,146.7321457,9442,0
698080.3944,5670625.525,147.2692968,9442,0
698095.9577,5670636.071,147.8064479,9442,0
698111.521,5670646.617,148.343599,9442,0
698127.0842,5670657.163,148.8807501,9442,0
698142.6475,5670667.709,149.4179012,9442,0
698158.2108,5670678.255,149.9550523,9442,0
698173.7741,5670688.801,150.4922034,9442,0
698189.3374,5670699.347,151.0293545,9442,0
698204.9007,5670709.893,151.5665056,9442,0
698220.464,5670720.439,152.1036567,9442,0
698236.0273,5670730.986,152.6408078,9442,0
698251.5906,5670741.532,153.1779589,9442,0
698267.1539,5670752.078,153.71511,9442,0
698282.7172,5670762.624,154.2522611,9442,0
698298.2805,5670773.17,154.7894122,9442,0
698313.8438,5670783.716,155.3265633,9442,0
698329.4071,5670794.262,155.8637144,9442,0
698344.9704,5670804.808,156.4008655,9442,0
698360.5337,5670815.354,156.9380166,9442,0
698376.097,5670825.9,157.4751677,9442,0
698391.6602,5670836.446,158.0123188,9442,0
698407.2235,5670846.992,158.5494699,9442,0
698422.7868,5670857.538,159.086621,9442,0
698438.3501,5670868.084,159.6237721,9442,0
698453.9134,5670878.631,160.1609232,9442,0
698469.4767,5670889.177,160.6980743,9442,0
698485.04,5670899.723,161.2352254,9442,0
698500.6033,5670910.269,161.7723765,9442,0
698516.1666,5670920.815,162.3095276,9442,0
698531.7299,5670931.361,162.8466787,9442,0
698547.2932,5670941.907,163.3838298,9442,0

696583.7742,5669704.683,100,156,0
696586.7763,5669723.444,100,156,0
696589.7783,5669742.205,100,156,0
696592.7803,5669760.967,100,156,0
696595.7823,5669779.728,100,156,0
696598.7844,5669798.489,100,156,0
696601.7864,5669817.251,100,156,0
696604.7884,5669836.012,100,156,0
696607.7904,5669854.773,100,156,0
696610.7925,5669873.535,100,156,0
696613.7945,5669892.296,100,156,0
696616.7965,5669911.057,100,156,0
696619.7985,5669929.819,100,156,0
696622.8006,5669948.58,100,156,0
696625.8026,5669967.341,100,156,0
696628.8046,5669986.103,100,156,0
696631.8067,5670004.864,100,156,0
696634.8087,5670023.625,100,156,0
696637.8107,5670042.387,100,156,0
696640.8127,5670061.148,100,156,0
696643.8148,5670079.909,100,156,0
696646.8168,5670098.671,100,156,0
696649.8188,5670117.432,100,156,0
696652.8208,5670136.193,100,156,0
696655.8229,5670154.955,100,156,0
696658.8249,5670173.716,100,156,0
696661.8269,5670192.477,100,156,0
696680.6406,5670193.459,100.4324076,156,0
696699.4542,5670194.441,100.8648153,156,0
696718.2679,5670195.422,101.2972229,156,0
696737.0816,5670196.404,101.7296305,156,0
696755.8952,5670197.385,102.1620382,156,0
696774.7089,5670198.367,102.5944458,156,0
696793.5226,5670199.348,103.0268534,156,0
696812.3362,5670200.33,103.4592611,156,0
696831.1499,5670201.312,103.8916687,156,0
696849.9636,5670202.293,104.3240764,156,0
696868.7772,5670203.275,104.756484,156,0
696887.5909,5670204.256,105.1888916,156,0
696906.4046,5670205.238,105.6212993,156,0
696925.2182,5670206.219,106.0537069,156,0
696944.0319,5670207.201,106.4861145,156,0
696962.8456,5670208.183,106.9185222,156,0
696981.6592,5670209.164,107.3509298,156,0
697000.4729,5670210.146,107.7833374,156,0
697019.2866,5670211.127,108.2157451,156,0
697038.1002,5670212.109,108.6481527,156,0
697056.9139,5670213.09,109.0805603,156,0
697075.7276,5670214.072,109.512968,156,0
697094.5412,5670215.054,109.9453756,156,0
697113.3549,5670216.035,110.3777832,156,0
697132.1686,5670217.017,110.8101909,156,0
697150.9822,5670217.998,111.2425985,156,0
697169.7959,5670218.98,111.6750062,156,0
697188.6096,5670219.961,112.1074138,156,0
697207.4232,5670220.943,112.5398214,156,0
697226.2369,5670221.925,112.9722291,156,0
697245.0505,5670222.906,113.4046367,156,0
697263.8642,5670223.888,113.8370443,156,0
697282.6779,5670224.869,114.269452,156,0
697301.4915,5670225.851,114.7018596,156,0
697320.3052,5670226.832,115.1342672,156,1
697339.1189,5670227.814,115.5666749,156,0
697357.9325,5670228.796,115.9990825,156,0
697376.7462,5670229.777,116.4314901,156,0
697395.5599,5670230.759,116.8638978,156,0
697414.3735,5670231.74,117.2963054,156,0
697433.1872,5670232.722,117.728713,156,0
697452.0009,5670233.703,118.1611207,156,0
697470.8145,5670234.685,118.5935283,156,0
697489.6282,5670235.666,119.025936,156,0
697508.4419,5670236.648,119.4583436,156,0
697527.2555,5670237.63,119.8907512,156,0
697546.0692,5670238.611,120.3231589,156,0
697564.8829,5670239.593,120.7555665,156,0
697583.6965,5670240.574,121.1879741,156,0
697602.5102,5670241.556,121.6203818,156,0
697621.3239,5670242.537,122.0527894,156,0
697640.1375,5670243.519,122.485197,156,0
697658.9512,5670244.501,122.9176047,156,0
697677.7649,5670245.482,123.3500123,156,0
697696.5785,5670246.464,123.7824199,156,0
697715.3922,5670247.445,124.2148276,156,0
697734.2058,5670248.427,124.6472352,156,0
697753.0195,5670249.408,125.0796428,156,0
697771.8332,5670250.39,125.5120505,156,0
697790.6468,5670251.372,125.9444581,156,0
697809.4605,5670252.353,126.3768658,156,0
697828.2742,5670253.335,126.8092734,156,0
697847.0878,5670254.316,127.241681,156,0
697865.9015,5670255.298,127.6740887,156,0
697884.7152,5670256.279,128.1064963,156,0
697903.5288,5670257.261,128.5389039,156,0
697922.3425,5670258.243,128.9713116,156,0
697941.1562,5670259.224,129.4037192,156,0
697959.9698,5670260.206,129.8361268,156,0
697978.7835,5670261.187,130.2685345,156,0
697997.5972,5670262.169,130.7009421,156,0
698016.4108,5670263.15,131.1333497,156,0
698035.2245,5670264.132,131.5657574,156,0
698054.0382,5670265.114,131.998165,156,0
698072.8518,5670266.095,132.4305726,156,0
698091.6655,5670267.077,132.8629803,156,0
698110.4792,5670268.058,133.2953879,156,0
698129.2928,5670269.04,133.7277955,156,0
698148.1065,5670270.021,134.1602032,156,0
698166.9202,5670271.003,134.5926108,156,0
698185.7338,5670271.984,135.0250185,156,0
698204.5475,5670272.966,135.4574261,156,0
698223.3612,5670273.948,135.8898337,156,0
698242.1748,5670274.929,136.3222414,156,0
698260.9885,5670275.911,136.754649,156,0
698279.8021,5670276.892,137.1870566,156,0
698298.6158,5670277.874,137.6194643,156,0
698317.4295,5670278.855,138.0518719,156,0
698336.2431,5670279.837,138.4842795,156,0
698355.0568,5670280.819,138.9166872,156,0
698373.8705,5670281.8,139.3490948,156,0
698392.6841,5670282.782,139.7815024,156,0

696520.85,5669714.3,100,4176,0
696525.0359,5669732.833,100,4176,0
696529.2218,5669751.366,100,4176,0
696533.4077,5669769.899,100,4176,0
696537.5936,5669788.433,100,4176,0
696554.3383,5669797.081,100.4141997,4176,0
696571.0831,5669805.729,100.8283994,4176,0
696587.8278,5669814.377,101.2425991,4176,0
696604.5726,5669823.025,101.6567988,4176,0
696621.3173,5669831.673,102.0709986,4176,0
696638.062,5669840.321,102.4851983,4176,0
696654.8068,5669848.969,102.899398,4176,0
696671.5515,5669857.617,103.3135977,4176,0
696688.2962,5669866.265,103.7277974,4176,0
696705.041,5669874.913,104.1419971,4176,0
696721.7857,5669883.561,104.5561968,4176,0
696738.5305,5669892.209,104.9703965,4176,0
696755.2752,5669900.857,105.3845962,4176,0
696772.0199,5669909.505,105.798796,4176,0
696788.7647,5669918.153,106.2129957,4176,0
696805.5094,5669926.801,106.6271954,4176,0
696822.2541,5669935.449,107.0413951,4176,0
696838.9989,5669944.097,107.4555948,4176,0
696855.7436,5669952.745,107.8697945,4176,0
696872.4884,5669961.393,108.2839942,4176,0
696889.2331,5669970.041,108.6981939,4176,0
696905.9778,5669978.689,109.1123937,4176,0
696922.7226,5669987.337,109.5265934,4176,0
696939.4673,5669995.985,109.9407931,4176,0
696956.212,5670004.633,110.3549928,4176,0
696972.9568,5670013.281,110.7691925,4176,0
696989.7015,5670021.93,111.1833922,4176,0
697006.4463,5670030.578,111.5975919,4176,0
697023.191,5670039.226,112.0117916,4176,0
697039.9357,5670047.874,112.4259913,4176,0
697056.6805,5670056.522,112.8401911,4176,0
697073.4252,5670065.17,113.2543908,4176,0
697090.1699,5670073.818,113.6685905,4176,0
697106.9147,5670082.466,114.0827902,4176,0
697123.6594,5670091.114,114.4969899,4176,0
697140.4042,5670099.762,114.9111896,4176,0
697157.1489,5670108.41,115.3253893,4176,0
697173.8936,5670117.058,115.739589,4176,0
697190.6384,5670125.706,116.1537887,4176,0
697207.3831,5670134.354,116.5679885,4176,0
697224.1278,5670143.002,116.9821882,4176,0
697240.8726,5670151.65,117.3963879,4176,0
697257.6173,5670160.298,117.8105876,4176,0
697274.3621,5670168.946,118.2247873,4176,0
697291.1068,5670177.594,118.638987,4176,0
697307.8515,5670186.242,119.0531867,4176,0
697324.5963,5670194.89,119.4673864,4176,0
697341.341,5670203.538,119.8815861,4176,0
697358.0857,5670212.186,120.2957859,4176,0
697374.8305,5670220.834,120.7099856,4176,0
697391.5752,5670229.482,121.1241853,4176,0
697408.32,5670238.13,121.538385,4176,0
697425.0647,5670246.778,121.9525847,4176,0
697441.8094,5670255.426,122.3667844,4176,0
697458.5542,5670264.074,122.7809841,4176,1
697475.2989,5670272.722,123.1951838,4176,0
697492.0436,5670281.371,123.6093835,4176,0
697508.7884,5670290.019,124.0235833,4176,0
697525.5331,5670298.667,124.437783,4176,0
697542.2779,5670307.315,124.8519827,4176,0
697559.0226,5670315.963,125.2661824,4176,0
697575.7673,5670324.611,125.6803821,4176,0
697592.5121,5670333.259,126.0945818,4176,0
697609.2568,5670341.907,126.5087815,4176,0
697626.0015,5670350.555,126.9229812,4176,0
697642.7463,5670359.203,127.337181,4176,0
697659.491,5670367.851,127.7513807,4176,0
697676.2358,5670376.499,128.1655804,4176,0
697692.9805,5670385.147,128.5797801,4176,0
697709.7252,5670393.795,128.9939798,4176,0
697726.47,5670402.443,129.4081795,4176,0
697743.2147,5670411.091,129.8223792,4176,0
697759.9594,5670419.739,130.2365789,4176,0
697776.7042,5670428.387,130.6507786,4176,0
697793.4489,5670437.035,131.0649784,4176,0
697810.1937,5670445.683,131.4791781,4176,0
697826.9384,5670454.331,131.8933778,4176,0
697843.6831,5670462.979,132.3075775,4176,0
697860.4279,5670471.627,132.7217772,4176,0
697877.1726,5670480.275,133.1359769,4176,0
697893.9173,5670488.923,133.5501766,4176,0
697910.6621,5670497.571,133.9643763,4176,0
697927.4068,5670506.219,134.378576,4176,0
697944.1516,5670514.867,134.7927758,4176,0
697960.8963,5670523.515,135.2069755,4176,0
697977.641,5670532.163,135.6211752,4176,0
697994.3858,5670540.812,136.0353749,4176,0
698011.1305,5670549.46,136.4495746,4176,0
698027.8752,5670558.108,136.8637743,4176,0
698044.62,5670566.756,137.277974,4176,0
698061.3647,5670575.404,137.6921737,4176,0
698078.1095,5670584.052,138.1063734,4176,0
698094.8542,5670592.7,138.5205732,4176,0
698111.5989,5670601.348,138.9347729,4176,0
698128.3437,5670609.996,139.3489726,4176,0
698145.0884,5670618.644,139.7631723,4176,0
698161.8331,5670627.292,140.177372,4176,0
698178.5779,5670635.94,140.5915717,4176,0
698195.3226,5670644.588,141.0057714,4176,0
698212.0674,5670653.236,141.4199711,4176,0
698228.8121,5670661.884,141.8341708,4176,0
698245.5568,5670670.532,142.2483706,4176,0
698262.3016,5670679.18,142.6625703,4176,0
698279.0463,5670687.828,143.07677,4176,0
698295.791,5670696.476,143.4909697,4176,0
698312.5358,5670705.124,143.9051694,4176,0
698329.2805,5670713.772,144.3193691,4176,0
698346.0253,5670722.42,144.7335688,4176,0
698362.77,5670731.068,145.1477685,4176,0
698379.5147,5670739.716,145.5619683,4176,0
698396.2595,5670748.364,145.976168,4176,0
698413.0042,5670757.012,146.3903677,4176,0
698429.7489,5670765.66,146.8045674,4176,0
698446.4937,5670774.308,147.2187671,4176,0

696337.5095,5669766.684,100,8534,0
696345.1272,5669784.09,100,8534,0
696352.7449,5669801.496,100,8534,0
696360.3625,5669818.902,100,8534,0
696367.9802,5669836.308,100,8534,0
696375.5979,5669853.714,100,8534,0
696383.2156,5669871.12,100,8534,0
696390.8333,5669888.527,100,8534,0
696398.4509,5669905.933,100,8534,0
696406.0686,5669923.339,100,8534,0
696413.6863,5669940.745,100,8534,0
696421.304,5669958.151,100,8534,0
696428.9217,5669975.557,100,8534,0
696447.1051,5669980.653,100.3125117,8534,0
696465.2885,5669985.749,100.6250235,8534,0
696483.4719,5669990.846,100.9375352,8534,0
696501.6554,5669995.942,101.250047,8534,0
696519.8388,5670001.038,101.5625587,8534,0
696538.0222,5670006.135,101.8750705,8534,0
696556.2057,5670011.231,102.1875822,8534,0
696574.3891,5670016.327,102.5000939,8534,0
696592.5725,5670021.424,102.8126057,8534,0
696610.756,5670026.52,103.1251174,8534,0
696628.9394,5670031.616,103.4376292,8534,0
696647.1228,5670036.712,103.7501409,8534,0
696665.3063,5670041.809,104.0626527,8534,0
696683.4897,5670046.905,104.3751644,8534,0
696701.6731,5670052.001,104.6876761,8534,0
696719.8565,5670057.098,105.0001879,8534,0
696738.04,5670062.194,105.3126996,8534,0
696756.2234,5670067.29,105.6252114,8534,0
696774.4068,5670072.387,105.9377231,8534,0
696792.5903,5670077.483,106.2502349,8534,0
696810.7737,5670082.579,106.5627466,8534,0
696828.9571,5670087.675,106.8752584,8534,0
696847.1406,5670092.772,107.1877701,8534,0
696865.324,5670097.868,107.5002818,8534,0
696883.5074,5670102.964,107.8127936,8534,0
696901.6909,5670108.061,108.1253053,8534,0
696919.8743,5670113.157,108.4378171,8534,0
696938.0577,5670118.253,108.7503288,8534,0
696956.2411,5670123.35,109.0628406,8534,0
696974.4246,5670128.446,109.3753523,8534,0
696992.608,5670133.542,109.687864,8534,0
697010.7914,5670138.638,110.0003758,8534,0
697028.9749,5670143.735,110.3128875,8534,0
697047.1583,5670148.831,110.6253993,8534,0
697065.3417,5670153.927,110.937911,8534,0
697083.5252,5670159.024,111.2504228,8534,0
697101.7086,5670164.12,111.5629345,8534,0
697119.892,5670169.216,111.8754462,8534,0
697138.0754,5670174.313,112.187958,8534,0
697156.2589,5670179.409,112.5004697,8534,0
697174.4423,5670184.505,112.8129815,8534,0
697192.6257,5670189.602,113.1254932,8534,0
697210.8092,5670194.698,113.438005,8534,0
697228.9926,5670199.794,113.7505167,8534,0
697247.176,5670204.89,114.0630284,8534,0
697265.3595,5670209.987,114.3755402,8534,0
697283.5429,5670215.083,114.6880519,8534,0
697301.7263,5670220.179,115.0005637,8534,0
697319.9098,5670225.276,115.3130754,8534,1
697338.0932,5670230.372,115.6255872,8534,0
697356.2766,5670235.468,115.9380989,8534,0
697374.46,5670240.565,116.2506106,8534,0
697392.6435,5670245.661,116.5631224,8534,0
697410.8269,5670250.757,116.8756341,8534,0
697429.0103,5670255.853,117.1881459,8534,0
697447.1938,5670260.95,117.5006576,8534,0
697465.3772,5670266.046,117.8131694,8534,0
697483.5606,5670271.142,118.1256811,8534,0
697501.7441,5670276.239,118.4381929,8534,0
697519.9275,5670281.335,118.7507046,8534,0
697538.1109,5670286.431,119.0632163,8534,0
697556.2944,5670291.528,119.3757281,8534,0
697574.4778,5670296.624,119.6882398,8534,0
697592.6612,5670301.72,120.0007516,8534,0
697610.8446,5670306.816,120.3132633,8534,0
697629.0281,5670311.913,120.6257751,8534,0
697647.2115,5670317.009,120.9382868,8534,0
697665.3949,5670322.105,121.2507985,8534,0
697683.5784,5670327.202,121.5633103,8534,0
697701.7618,5670332.298,121.875822,8534,0
697719.9452,5670337.394,122.1883338,8534,0
697738.1287,5670342.491,122.5008455,8534,0
697756.3121,5670347.587,122.8133573,8534,0
697774.4955,5670352.683,123.125869,8534,0
697792.6789,5670357.779,123.4383807,8534,0
697810.8624,5670362.876,123.7508925,8534,0
697829.0458,5670367.972,124.0634042,8534,0
697847.2292,5670373.068,124.375916,8534,0
697865.4127,5670378.165,124.6884277,8534,0
697883.5961,5670383.261,125.0009395,8534,0
697901.7795,5670388.357,125.3134512,8534,0
697919.963,5670393.454,125.6259629,8534,0
697938.1464,5670398.55,125.9384747,8534,0
697956.3298,5670403.646,126.2509864,8534,0
697974.5133,5670408.743,126.5634982,8534,0
697992.6967,5670413.839,126.8760099,8534,0
698010.8801,5670418.935,127.1885217,8534,0
698029.0635,5670424.031,127.5010334,8534,0
698047.247,5670429.128,127.8135451,8534,0
698065.4304,5670434.224,128.1260569,8534,0
698083.6138,5670439.32,128.4385686,8534,0
698101.7973,5670444.417,128.7510804,8534,0
698119.9807,5670449.513,129.0635921,8534,0
698138.1641,5670454.609,129.3761039,8534,0
698156.3476,5670459.706,129.6886156,8534,0
698174.531,5670464.802,130.0011273,8534,0
698192.7144,5670469.898,130.3136391,8534,0
698210.8979,5670474.994,130.6261508,8534,0
698229.0813,5670480.091,130.9386626,8534,0
698247.2647,5670485.187,131.2511743,8534,0
698265.4481,5670490.283,131.5636861,8534,0
698283.6316,5670495.38,131.8761978,8534,0
698301.815,5670500.476,132.1887096,8534,0
698319.9984,5670505.572,132.5012213,8534,0
698338.1819,5670510.669,132.813733,8534,0
698356.3653,5670515.765,133.1262448,8534,0

696222.2575,5669820.475,100,1425,0
696232.0173,5669836.777,100,1425,0
696241.7772,5669853.079,100,1425,0
696251.5371,5669869.381,100,1425,0
696261.297,5669885.682,100,1425,0
696271.0568,5669901.984,100,1425,0
696280.8167,5669918.286,100,1425,0
696290.5766,5669934.587,100,1425,0
696300.3364,5669950.889,100,1425,0
696310.0963,5669967.191,100,1425,0
696319.8562,5669983.492,100,1425,0
696329.6161,5669999.794,100,1425,0
696339.3759,5670016.096,100,1425,0
696349.1358,5670032.397,100,1425,0
696358.8957,5670048.699,100,1425,0
696377.4931,5670051.976,100.3131862,1425,0
696396.0905,5670055.252,100.6263725,1425,0
696414.688,5670058.529,100.9395587,1425,0
696433.2854,5670061.805,101.2527449,1425,0
696451.8828,5670065.082,101.5659311,1425,0
696470.4802,5670068.358,101.8791174,1425,0
696489.0777,5670071.635,102.1923036,1425,0
696507.6751,5670074.911,102.5054898,1425,0
696526.2725,5670078.188,102.8186761,1425,0
696544.87,5670081.464,103.1318623,1425,0
696563.4674,5670084.741,103.4450485,1425,0
696582.0648,5670088.017,103.7582347,1425,0
696600.6623,5670091.294,104.071421,1425,0
696619.2597,5670094.57,104.3846072,1425,0
696637.8571,5670097.847,104.6977934,1425,0
696656.4545,5670101.123,105.0109796,1425,0
696675.052,5670104.4,105.3241659,1425,0
696693.6494,5670107.676,105.6373521,1425,0
696712.2468,5670110.953,105.9505383,1425,0
696730.8443,5670114.229,106.2637246,1425,0
696749.4417,5670117.506,106.5769108,1425,0
696768.0391,5670120.782,106.890097,1425,0
696786.6366,5670124.059,107.2032832,1425,0
696805.234,5670127.335,107.5164695,1425,0
696823.8314,5670130.612,107.8296557,1425,0
696842.4289,5670133.888,108.1428419,1425,0
696861.0263,5670137.165,108.4560282,1425,0
696879.6237,5670140.441,108.7692144,1425,0
696898.2211,5670143.718,109.0824006,1425,0
696916.8186,5670146.994,109.3955868,1425,0
696935.416,5670150.271,109.7087731,1425,0
696954.0134,5670153.547,110.0219593,1425,0
696972.6109,5670156.824,110.3351455,1425,0
696991.2083,5670160.1,110.6483317,1425,0
697009.8057,5670163.377,110.961518,1425,0
697028.4032,5670166.653,111.2747042,1425,0
697047.0006,5670169.93,111.5878904,1425,0
697065.598,5670173.206,111.9010767,1425,0
697084.1954,5670176.483,112.2142629,1425,0
697102.7929,5670179.76,112.5274491,1425,0
697121.3903,5670183.036,112.8406353,1425,0
697139.9877,5670186.313,113.1538216,1425,0
697158.5852,5670189.589,113.4670078,1425,0
697177.1826,5670192.866,113.780194,1425,0
697195.78,5670196.142,114.0933803,1425,0
697214.3775,5670199.419,114.4065665,1425,0
697232.9749,5670202.695,114.7197527,1425,0
697251.5723,5670205.972,115.0329389,1425,1
697270.1697,5670209.248,115.3461252,1425,0
697288.7672,5670212.525,115.6593114,1425,0
697307.3646,5670215.801,115.9724976,1425,0
697325.962,5670219.078,116.2856838,1425,0
697344.5595,5670222.354,116.5988701,1425,0
697363.1569,5670225.631,116.9120563,1425,0
697381.7543,5670228.907,117.2252425,1425,0
697400.3518,5670232.184,117.5384288,1425,0
697418.9492,5670235.46,117.851615,1425,0
697437.5466,5670238.737,118.1648012,1425,0
697456.1441,5670242.013,118.4779874,1425,0
697474.7415,5670245.29,118.7911737,1425,0
697493.3389,5670248.566,119.1043599,1425,0
697511.9363,5670251.843,119.4175461,1425,0
697530.5338,5670255.119,119.7307324,1425,0
697549.1312,5670258.396,120.0439186,1425,0
697567.7286,5670261.672,120.3571048,1425,0
697586.3261,5670264.949,120.670291,1425,0
697604.9235,5670268.225,120.9834773,1425,0
697623.5209,5670271.502,121.2966635,1425,0
697642.1184,5670274.778,121.6098497,1425,0
697660.7158,5670278.055,121.9230359,1425,0
697679.3132,5670281.331,122.2362222,1425,0
697697.9106,5670284.608,122.5494084,1425,0
697716.5081,5670287.884,122.8625946,1425,0
697735.1055,5670291.161,123.1757809,1425,0
697753.7029,5670294.437,123.4889671,1425,0
697772.3004,5670297.714,123.8021533,1425,0
697790.8978,5670300.99,124.1153395,1425,0
697809.4952,5670304.267,124.4285258,1425,0
697828.0927,5670307.543,124.741712,1425,0
697846.6901,5670310.82,125.0548982,1425,0
697865.2875,5670314.096,125.3680845,1425,0
697883.885,5670317.373,125.6812707,1425,0
697902.4824,5670320.649,125.9944569,1425,0
697921.0798,5670323.926,126.3076431,1425,0
697939.6772,5670327.202,126.6208294,1425,0
697958.2747,5670330.479,126.9340156,1425,0
697976.8721,5670333.756,127.2472018,1425,0
697995.4695,5670337.032,127.560388,1425,0
698014.067,5670340.309,127.8735743,1425,0
698032.6644,5670343.585,128.1867605,1425,0
698051.2618,5670346.862,128.4999467,1425,0
698069.8593,5670350.138,128.813133,1425,0
698088.4567,5670353.415,129.1263192,1425,0
698107.0541,5670356.691,129.4395054,1425,0
698125.6515,5670359.968,129.7526916,1425,0
698144.249,5670363.244,130.0658779,1425,0
698162.8464,5670366.521,130.3790641,1425,0
698181.4438,5670369.797,130.6922503,1425,0
698200.0413,5670373.074,131.0054366,1425,0
698218.6387,5670376.35,131.3186228,1425,0
698237.2361,5670379.627,131.631809,1425,0
698255.8336,5670382.903,131.9449952,1425,0
698274.431,5670386.18,132.2581815,1425,0
698293.0284,5670389.456,132.5713677,1425,0

696222.2575,5669820.475,100,9045,0
696232.0173,5669836.777,100,9045,0
696241.7772,5669853.079,100,9045,0
696251.5371,5669869.381,100,9045,0
696261.297,5669885.682,100,9045,0
696271.0568,5669901.984,100,9045,0
696280.8167,5669918.286,100,9045,0
696290.5766,5669934.587,100,9045,0
696300.3364,5669950.889,100,9045,0
696310.0963,5669967.191,100,9045,0
696319.8562,5669983.492,100,9045,0
696329.6161,5669999.794,100,9045,0
696339.3759,5670016.096,100,9045,0
696349.1358,5670032.397,100,9045,0
696358.8957,5670048.699,100,9045,0
696377.5305,5670051.979,100.2128469,9045,0
696396.1654,5670055.258,100.4256939,9045,0
696414.8002,5670058.538,100.6385408,9045,0
696433.4351,5670061.817,100.8513878,9045,0
696452.0699,5670065.097,101.0642347,9045,0
696470.7048,5670068.376,101.2770817,9045,0
696489.3396,5670071.656,101.4899286,9045,0
696507.9744,5670074.935,101.7027756,9045,0
696526.6093,5670078.215,101.9156225,9045,0
696545.2441,5670081.494,102.1284695,9045,0
696563.879,5670084.774,102.3413164,9045,0
696582.5138,5670088.053,102.5541634,9045,0
696601.1487,5670091.333,102.7670103,9045,0
696619.7835,5670094.612,102.9798573,9045,0
696638.4184,5670097.892,103.1927042,9045,0
696657.0532,5670101.171,103.4055512,9045,0
696675.6881,5670104.451,103.6183981,9045,0
696694.3229,5670107.73,103.8312451,9045,0
696712.9578,5670111.01,104.044092,9045,0
696731.5926,5670114.289,104.256939,9045,0
696750.2275,5670117.569,104.4697859,9045,0
696768.8623,5670120.848,104.6826329,9045,0
696787.4972,5670124.128,104.8954798,9045,0
696806.132,5670127.407,105.1083268,9045,0
696824.7669,5670130.687,105.3211737,9045,0
696843.4017,5670133.966,105.5340207,9045,0
696862.0366,5670137.246,105.7468676,9045,0
696880.6714,5670140.525,105.9597146,9045,0
696899.3063,5670143.805,106.1725615,9045,0
696917.9411,5670147.084,106.3854085,9045,0
696936.576,5670150.364,106.5982554,9045,0
696955.2108,5670153.643,106.8111024,9045,0
696973.8457,5670156.923,107.0239493,9045,0
696992.4805,5670160.202,107.2367963,9045,0
697011.1154,5670163.481,107.4496432,9045,0
697029.7502,5670166.761,107.6624902,9045,0
697048.385,5670170.04,107.8753371,9045,0
697067.0199,5670173.32,108.0881841,9045,0
697085.6547,5670176.599,108.301031,9045,0
697104.2896,5670179.879,108.513878,9045,0
697122.9244,5670183.158,108.7267249,9045,0
697141.5593,5670186.438,108.9395719,9045,0
697160.1941,5670189.717,109.1524188,9045,0
697178.829,5670192.997,109.3652658,9045,0
697197.4638,5670196.276,109.5781127,9045,0
697216.0987,5670199.556,109.7909597,9045,0
697234.7335,5670202.835,110.0038066,9045,0
697253.3684,5670206.115,110.2166535,9045,1
697272.0032,5670209.394,110.4295005,9045,0
697290.6381,5670212.674,110.6423474,9045,0
697309.2729,5670215.953,110.8551944,9045,0
697327.9078,5670219.233,111.0680413,9045,0
697346.5426,5670222.512,111.2808883,9045,0
697365.1775,5670225.792,111.4937352,9045,0
697383.8123,5670229.071,111.7065822,9045,0
697402.4472,5670232.351,111.9194291,9045,0
697421.082,5670235.63,112.1322761,9045,0
697439.7169,5670238.91,112.345123,9045,0
697458.3517,5670242.189,112.55797,9045,0
697476.9866,5670245.469,112.7708169,9045,0
697495.6214,5670248.748,112.9836639,9045,0
697514.2563,5670252.028,113.1965108,9045,0
697532.8911,5670255.307,113.4093578,9045,0
697551.526,5670258.587,113.6222047,9045,0
697570.1608,5670261.866,113.8350517,9045,0
697588.7956,5670265.146,114.0478986,9045,0
697607.4305,5670268.425,114.2607456,9045,0
697626.0653,5670271.705,114.4735925,9045,0
697644.7002,5670274.984,114.6864395,9045,0
697663.335,5670278.264,114.8992864,9045,0
697681.9699,5670281.543,115.1121334,9045,0
697700.6047,5670284.823,115.3249803,9045,0
697719.2396,5670288.102,115.5378273,9045,0
697737.8744,5670291.382,115.7506742,9045,0
697756.5093,5670294.661,115.9635212,9045,0
697775.1441,5670297.941,116.1763681,9045,0
697793.779,5670301.22,116.3892151,9045,0
697812.4138,5670304.5,116.602062,9045,0
697831.0487,5670307.779,116.814909,9045,0
697849.6835,5670311.059,117.0277559,9045,0
697868.3184,5670314.338,117.2406029,9045,0
697886.9532,5670317.618,117.4534498,9045,0
697905.5881,5670320.897,117.6662968,9045,0
697924.2229,5670324.177,117.8791437,9045,0
697942.8578,5670327.456,118.0919907,9045,0
697961.4926,5670330.736,118.3048376,9045,0
697980.1275,5670334.015,118.5176846,9045,0
697998.7623,5670337.295,118.7305315,9045,0
698017.3972,5670340.574,118.9433785,9045,0
698036.032,5670343.854,119.1562254,9045,0
698054.6669,5670347.133,119.3690724,9045,0
698073.3017,5670350.413,119.5819193,9045,0
698091.9366,5670353.692,119.7947662,9045,0
698110.5714,5670356.972,120.0076132,9045,0
698129.2062,5670360.251,120.2204601,9045,0
698147.8411,5670363.531,120.4333071,9045,0
698166.4759,5670366.81,120.646154,9045,0
698185.1108,5670370.09,120.859001,9045,0
698203.7456,5670373.369,121.0718479,9045,0
698222.3805,5670376.649,121.2846949,9045,0
698241.0153,5670379.928,121.4975418,9045,0
698259.6502,5670383.208,121.7103888,9045,0
698278.285,5670386.487,121.9232357,9045,0
698296.9199,5670389.767,122.1360827,9045,0

696016.7564,5669969.326,100,5464,0
696030.2976,5669982.654,100,5464,0
696043.8388,5669995.982,100,5464,0
696062.5059,5669999.157,100.1751498,5464,0
696081.1729,5670002.333,100.3502995,5464,0
696099.84,5670005.508,100.5254493,5464,0
696118.5071,5670008.683,100.700599,5464,0
696137.1742,5670011.859,100.8757488,5464,0
696155.8413,5670015.034,101.0508986,5464,0
696174.5083,5670018.209,101.2260483,5464,0
696193.1754,5670021.385,101.4011981,5464,0
696211.8425,5670024.56,101.5763479,5464,0
696230.5096,5670027.736,101.7514976,5464,0
696249.1766,5670030.911,101.9266474,5464,0
696267.8437,5670034.086,102.1017971,5464,0
696286.5108,5670037.262,102.2769469,5464,0
696305.1779,5670040.437,102.4520967,5464,0
696323.845,5670043.612,102.6272464,5464,0
696342.512,5670046.788,102.8023962,5464,0
696361.1791,5670049.963,102.977546,5464,0
696379.8462,5670053.138,103.1526957,5464,0
696398.5133,5670056.314,103.3278455,5464,0
696417.1803,5670059.489,103.5029952,5464,0
696435.8474,5670062.664,103.678145,5464,0
696454.5145,5670065.84,103.8532948,5464,0
696473.1816,5670069.015,104.0284445,5464,0
696491.8487,5670072.191,104.2035943,5464,0
696510.5157,5670075.366,104.3787441,5464,0
696529.1828,5670078.541,104.5538938,5464,0
696547.8499,5670081.717,104.7290436,5464,0
696566.517,5670084.892,104.9041933,5464,0
696585.184,5670088.067,105.0793431,5464,0
696603.8511,5670091.243,105.2544929,5464,0
696622.5182,5670094.418,105.4296426,5464,0
696641.1853,5670097.593,105.6047924,5464,0
696659.8524,5670100.769,105.7799422,5464,0
696678.5194,5670103.944,105.9550919,5464,0
696697.1865,5670107.119,106.1302417,5464,0
696715.8536,5670110.295,106.3053914,5464,0
696734.5207,5670113.47,106.4805412,5464,0
696753.1877,5670116.646,106.655691,5464,0
696771.8548,5670119.821,106.8308407,5464,0
696790.5219,5670122.996,107.0059905,5464,0
696809.189,5670126.172,107.1811403,5464,0
696827.8561,5670129.347,107.35629,5464,0
696846.5231,5670132.522,107.5314398,5464,0
696865.1902,5670135.698,107.7065895,5464,0
696883.8573,5670138.873,107.8817393,5464,0
696902.5244,5670142.048,108.0568891,5464,0
696921.1914,5670145.224,108.2320388,5464,0
696939.8585,5670148.399,108.4071886,5464,0
696958.5256,5670151.574,108.5823384,5464,0
696977.1927,5670154.75,108.7574881,5464,0
696995.8598,5670157.925,108.9326379,5464,0
697014.5268,5670161.101,109.1077876,5464,0
697033.1939,5670164.276,109.2829374,5464,0
697051.861,5670167.451,109.4580872,5464,0
697070.5281,5670170.627,109.6332369,5464,0
697089.1951,5670173.802,109.8083867,5464,0
697107.8622,5670176.977,109.9835365,5464,0
697126.5293,5670180.153,110.1586862,5464,0
697145.1964,5670183.328,110.333836,5464,0
697163.8635,5670186.503,110.5089857,5464,0
697182.5305,5670189.679,110.6841355,5464,1
697201.1976,5670192.854,110.8592853,5464,0
697219.8647,5670196.029,111.034435,5464,0
697238.5318,5670199.205,111.2095848,5464,0
697257.1988,5670202.38,111.3847345,5464,0
697275.8659,5670205.556,111.5598843,5464,0
697294.533,5670208.731,111.7350341,5464,0
697313.2001,5670211.906,111.9101838,5464,0
697331.8672,5670215.082,112.0853336,5464,0
697350.5342,5670218.257,112.2604834,5464,0
697369.2013,5670221.432,112.4356331,5464,0
697387.8684,5670224.608,112.6107829,5464,0
697406.5355,5670227.783,112.7859326,5464,0
697425.2025,5670230.958,112.9610824,5464,0
697443.8696,5670234.134,113.1362322,5464,0
697462.5367,5670237.309,113.3113819,5464,0
697481.2038,5670240.484,113.4865317,5464,0
697499.8709,5670243.66,113.6616815,5464,0
697518.5379,5670246.835,113.8368312,5464,0
697537.205,5670250.011,114.011981,5464,0
697555.8721,5670253.186,114.1871307,5464,0
697574.5392,5670256.361,114.3622805,5464,0
697593.2062,5670259.537,114.5374303,5464,0
697611.8733,5670262.712,114.71258,5464,0
697630.5404,5670265.887,114.8877298,5464,0
697649.2075,5670269.063,115.0628796,5464,0
697667.8746,5670272.238,115.2380293,5464,0
697686.5416,5670275.413,115.4131791,5464,0
697705.2087,5670278.589,115.5883288,5464,0
697723.8758,5670281.764,115.7634786,5464,0
697742.5429,5670284.939,115.9386284,5464,0
697761.2099,5670288.115,116.1137781,5464,0
697779.877,5670291.29,116.2889279,5464,0
697798.5441,5670294.466,116.4640777,5464,0
697817.2112,5670297.641,116.6392274,5464,0
697835.8783,5670300.816,116.8143772,5464,0
697854.5453,5670303.992,116.9895269,5464,0
697873.2124,5670307.167,117.1646767,5464,0
697891.8795,5670310.342,117.3398265,5464,0
697910.5466,5670313.518,117.5149762,5464,0
697929.2136,5670316.693,117.690126,5464,0
697947.8807,5670319.868,117.8652758,5464,0
697966.5478,5670323.044,118.0404255,5464,0
697985.2149,5670326.219,118.2155753,5464,0
698003.882,5670329.394,118.390725,5464,0
698022.549,5670332.57,118.5658748,5464,0
698041.2161,5670335.745,118.7410246,5464,0
698059.8832,5670338.921,118.9161743,5464,0
698078.5503,5670342.096,119.0913241,5464,0
698097.2173,5670345.271,119.2664739,5464,0
698115.8844,5670348.447,119.4416236,5464,0
698134.5515,5670351.622,119.6167734,5464,0
698153.2186,5670354.797,119.7919231,5464,0
698171.8857,5670357.973,119.9670729,5464,0
698190.5527,5670361.148,120.1422227,5464,0
698209.2198,5670364.323,120.3173724,5464,0

13